measure_date,relative_hour,value
2026-05-30 20:00:00,0.0,394.4
2026-05-30 20:05:00,0.083,396.5
2026-05-30 20:10:00,0.167,401.79999999999995
2026-05-30 20:15:00,0.25,405.7
2026-05-30 20:20:00,0.333,403.8
2026-05-30 20:25:00,0.417,408.15
2026-05-30 20:30:00,0.5,409.5
2026-05-30 20:35:00,0.583,412.1
2026-05-30 20:40:00,0.667,416.15
2026-05-30 20:45:00,0.75,418.0
2026-05-30 20:50:00,0.833,415.1
2026-05-30 20:55:00,0.917,415.0
2026-05-30 21:00:00,1.0,413.6
2026-05-30 21:05:00,1.083,414.8
2026-05-30 21:10:00,1.167,414.3
2026-05-30 21:15:00,1.25,418.9
2026-05-30 21:20:00,1.333,422.5
2026-05-30 21:25:00,1.417,420.35
2026-05-30 21:30:00,1.5,419.0
2026-05-30 21:35:00,1.583,417.04999999999995
2026-05-30 21:40:00,1.667,415.85
2026-05-30 21:45:00,1.75,414.7
2026-05-30 21:50:00,1.833,419.0
2026-05-30 21:55:00,1.917,422.9
2026-05-30 22:00:00,2.0,421.9
2026-05-30 22:05:00,2.083,425.3
2026-05-30 22:10:00,2.167,429.5
2026-05-30 22:15:00,2.25,429.5
2026-05-30 22:20:00,2.333,428.3
2026-05-30 22:25:00,2.417,430.0
2026-05-30 22:30:00,2.5,437.0
2026-05-30 22:35:00,2.583,438.6
2026-05-30 22:40:00,2.667,442.8
2026-05-30 22:45:00,2.75,442.8
2026-05-30 22:50:00,2.833,447.9
2026-05-30 22:55:00,2.917,441.9
2026-05-30 23:00:00,3.0,439.7
2026-05-30 23:05:00,3.083,446.5
2026-05-30 23:10:00,3.167,448.79999999999995
2026-05-30 23:15:00,3.25,444.6
2026-05-30 23:20:00,3.333,443.55
2026-05-30 23:25:00,3.417,441.3
2026-05-30 23:30:00,3.5,440.6
2026-05-30 23:35:00,3.583,445.2
2026-05-30 23:40:00,3.667,443.54999999999995
2026-05-30 23:45:00,3.75,438.5
2026-05-30 23:50:00,3.833,444.95000000000005
2026-05-30 23:55:00,3.917,444.1
2026-05-31 00:00:00,4.0,447.8
2026-05-31 00:05:00,4.083,448.8
2026-05-31 00:10:00,4.167,446.75
2026-05-31 00:15:00,4.25,446.3
2026-05-31 00:20:00,4.333,447.4
2026-05-31 00:25:00,4.417,451.85
2026-05-31 00:30:00,4.5,453.0
2026-05-31 00:35:00,4.583,454.35
2026-05-31 00:40:00,4.667,453.5
2026-05-31 00:45:00,4.75,455.3
2026-05-31 00:50:00,4.833,459.05
2026-05-31 00:55:00,4.917,460.3
2026-05-31 01:00:00,5.0,461.9
2026-05-31 01:05:00,5.083,464.5
2026-05-31 01:10:00,5.167,466.9
2026-05-31 01:15:00,5.25,465.15
2026-05-31 01:20:00,5.333,464.4
2026-05-31 01:25:00,5.417,466.0
2026-05-31 01:30:00,5.5,464.75
2026-05-31 01:35:00,5.583,468.5
2026-05-31 01:40:00,5.667,471.1
2026-05-31 01:45:00,5.75,476.1
2026-05-31 01:50:00,5.833,479.9
2026-05-31 01:55:00,5.917,483.5
2026-05-31 02:00:00,6.0,487.3
2026-05-31 02:05:00,6.083,486.75
2026-05-31 02:10:00,6.167,493.3
2026-05-31 02:15:00,6.25,494.7
2026-05-31 02:20:00,6.333,495.7
2026-05-31 02:25:00,6.417,489.9
2026-05-31 02:30:00,6.5,493.9
2026-05-31 02:35:00,6.583,496.1
2026-05-31 02:40:00,6.667,494.8
2026-05-31 02:45:00,6.75,501.8
2026-05-31 02:50:00,6.833,503.5
2026-05-31 02:55:00,6.917,503.0
2026-05-31 03:00:00,7.0,504.6
2026-05-31 03:05:00,7.083,504.2
2026-05-31 03:10:00,7.167,502.75
2026-05-31 03:15:00,7.25,505.5
2026-05-31 03:20:00,7.333,511.4
2026-05-31 03:25:00,7.417,513.0
2026-05-31 03:30:00,7.5,514.7
2026-05-31 03:35:00,7.583,517.3
2026-05-31 03:40:00,7.667,517.65
2026-05-31 03:45:00,7.75,519.0
2026-05-31 03:50:00,7.833,521.3
2026-05-31 03:55:00,7.917,522.8
2026-05-31 04:00:00,8.0,528.4
2026-05-31 04:05:00,8.083,538.9
2026-05-31 04:10:00,8.167,540.35
2026-05-31 04:15:00,8.25,538.4
2026-05-31 04:20:00,8.333,539.7
2026-05-31 04:25:00,8.417,535.3
2026-05-31 04:30:00,8.5,533.9
2026-05-31 04:35:00,8.583,540.8
2026-05-31 04:40:00,8.667,545.7
2026-05-31 04:45:00,8.75,552.2
2026-05-31 04:50:00,8.833,552.9
2026-05-31 04:55:00,8.917,553.3
2026-05-31 05:00:00,9.0,547.4
2026-05-31 05:05:00,9.083,548.1
2026-05-31 05:10:00,9.167,553.7
2026-05-31 05:15:00,9.25,555.7
2026-05-31 05:20:00,9.333,560.45
2026-05-31 05:25:00,9.417,559.2
2026-05-31 05:30:00,9.5,566.8
2026-05-31 05:35:00,9.583,565.05
2026-05-31 05:40:00,9.667,567.6
2026-05-31 05:45:00,9.75,567.8
2026-05-31 05:50:00,9.833,562.3
2026-05-31 05:55:00,9.917,568.0
2026-05-31 06:00:00,10.0,575.9
2026-05-31 06:05:00,10.083,574.25
2026-05-31 06:10:00,10.167,580.7
2026-05-31 06:15:00,10.25,579.8
2026-05-31 06:20:00,10.333,585.6
2026-05-31 06:25:00,10.417,585.6
2026-05-31 06:30:00,10.5,586.15
2026-05-31 06:35:00,10.583,584.95
2026-05-31 06:40:00,10.667,586.6
2026-05-31 06:45:00,10.75,592.7
2026-05-31 06:50:00,10.833,595.0
2026-05-31 06:55:00,10.917,595.9
2026-05-31 07:00:00,11.0,599.9000000000001
2026-05-31 07:05:00,11.083,599.8
2026-05-31 07:10:00,11.167,606.3
2026-05-31 07:15:00,11.25,605.3
2026-05-31 07:20:00,11.333,607.25
2026-05-31 07:25:00,11.417,609.0
2026-05-31 07:30:00,11.5,610.7
2026-05-31 07:35:00,11.583,614.65
2026-05-31 07:40:00,11.667,616.9
2026-05-31 07:45:00,11.75,614.3
2026-05-31 07:50:00,11.833,618.7
2026-05-31 07:55:00,11.917,616.6
2026-05-31 08:00:00,12.0,619.2
2026-05-31 08:05:00,12.083,622.1
2026-05-31 08:10:00,12.167,622.4
2026-05-31 08:15:00,12.25,620.35
2026-05-31 08:20:00,12.333,617.1
2026-05-31 08:25:00,12.417,620.9
2026-05-31 08:30:00,12.5,620.3
2026-05-31 08:35:00,12.583,616.1
2026-05-31 08:40:00,12.667,619.85
2026-05-31 08:45:00,12.75,620.0
2026-05-31 08:50:00,12.833,624.6
2026-05-31 08:55:00,12.917,626.8499999999999
2026-05-31 09:00:00,13.0,630.9
2026-05-31 09:05:00,13.083,628.0
2026-05-31 09:10:00,13.167,628.95
2026-05-31 09:25:00,13.417,624.5
2026-05-31 09:30:00,13.5,620.6
2026-05-31 09:40:00,13.667,620.7
2026-05-31 09:45:00,13.75,619.4
2026-05-31 09:50:00,13.833,618.5999999999999
2026-05-31 09:55:00,13.917,623.2
2026-05-31 10:00:00,14.0,627.5
2026-05-31 10:05:00,14.083,629.8499999999999
2026-05-31 10:10:00,14.167,636.4
2026-05-31 10:15:00,14.25,639.3
2026-05-31 10:20:00,14.333,638.9
2026-05-31 10:25:00,14.417,638.55
2026-05-31 10:30:00,14.5,639.9
2026-05-31 10:35:00,14.583,646.3
2026-05-31 10:40:00,14.667,643.6
2026-05-31 10:45:00,14.75,647.75
2026-05-31 10:50:00,14.833,648.6
2026-05-31 10:55:00,14.917,645.9
2026-05-31 11:00:00,15.0,644.0
2026-05-31 11:05:00,15.083,644.6
2026-05-31 11:10:00,15.167,648.2
2026-05-31 11:15:00,15.25,645.2
2026-05-31 11:20:00,15.333,642.7
2026-05-31 11:25:00,15.417,640.55
2026-05-31 11:30:00,15.5,633.95
2026-05-31 11:35:00,15.583,640.1
2026-05-31 11:40:00,15.667,646.9000000000001
2026-05-31 11:45:00,15.75,640.2
2026-05-31 11:50:00,15.833,637.9
2026-05-31 11:55:00,15.917,634.0
2026-05-31 12:00:00,16.0,638.0
2026-05-31 12:05:00,16.083,636.3
2026-05-31 12:10:00,16.167,638.05
2026-05-31 12:15:00,16.25,638.2
2026-05-31 12:20:00,16.333,644.6
2026-05-31 12:25:00,16.417,643.0
2026-05-31 12:30:00,16.5,640.7
2026-05-31 12:35:00,16.583,646.1
2026-05-31 12:40:00,16.667,649.3
2026-05-31 12:45:00,16.75,650.0
2026-05-31 12:50:00,16.833,650.3
2026-05-31 12:55:00,16.917,644.05
2026-05-31 13:00:00,17.0,644.0
2026-05-31 13:05:00,17.083,642.05
2026-05-31 13:10:00,17.167,643.7
2026-05-31 13:15:00,17.25,639.8
2026-05-31 13:20:00,17.333,643.55
2026-05-31 13:25:00,17.417,649.0
2026-05-31 13:30:00,17.5,643.4
2026-05-31 13:35:00,17.583,645.55
2026-05-31 13:40:00,17.667,647.4
2026-05-31 13:45:00,17.75,655.0
2026-05-31 13:50:00,17.833,657.05
2026-05-31 13:55:00,17.917,658.1
2026-05-31 14:00:00,18.0,656.5
2026-05-31 14:05:00,18.083,649.45
2026-05-31 14:10:00,18.167,647.95
2026-05-31 14:15:00,18.25,650.1
2026-05-31 14:20:00,18.333,649.1
2026-05-31 14:25:00,18.417,646.85
2026-05-31 14:30:00,18.5,651.0
2026-05-31 14:35:00,18.583,653.65
2026-05-31 14:40:00,18.667,658.8
2026-05-31 14:45:00,18.75,656.7
2026-05-31 14:50:00,18.833,655.3
2026-05-31 14:55:00,18.917,656.1
2026-05-31 15:00:00,19.0,655.0
2026-05-31 15:05:00,19.083,655.15
2026-05-31 15:10:00,19.167,649.1
2026-05-31 15:15:00,19.25,652.25
2026-05-31 15:20:00,19.333,657.8
2026-05-31 15:25:00,19.417,656.5
2026-05-31 15:30:00,19.5,650.8
2026-05-31 15:35:00,19.583,653.35
2026-05-31 15:40:00,19.667,662.95
2026-05-31 15:45:00,19.75,664.3
2026-05-31 15:50:00,19.833,660.25
2026-05-31 15:55:00,19.917,656.3
2026-05-31 16:00:00,20.0,662.9
2026-05-31 16:05:00,20.083,665.8
2026-05-31 16:10:00,20.167,666.0
2026-05-31 16:15:00,20.25,671.5999999999999
2026-05-31 16:20:00,20.333,666.85
2026-05-31 16:25:00,20.417,670.2
2026-05-31 16:30:00,20.5,671.1
2026-05-31 16:35:00,20.583,667.4
2026-05-31 16:40:00,20.667,669.8
2026-05-31 16:45:00,20.75,672.45
2026-05-31 16:50:00,20.833,671.45
2026-05-31 16:55:00,20.917,671.4
2026-05-31 17:00:00,21.0,671.3
2026-05-31 17:05:00,21.083,671.5
2026-05-31 17:10:00,21.167,673.6
2026-05-31 17:15:00,21.25,671.4
2026-05-31 17:20:00,21.333,673.5999999999999
2026-05-31 17:25:00,21.417,683.5
2026-05-31 17:30:00,21.5,686.4
2026-05-31 17:35:00,21.583,686.4
2026-05-31 17:40:00,21.667,687.85
2026-05-31 17:45:00,21.75,687.9
2026-05-31 17:50:00,21.833,693.0999999999999
2026-05-31 17:55:00,21.917,696.85
2026-05-31 18:00:00,22.0,695.8
2026-05-31 18:05:00,22.083,701.5
2026-05-31 18:10:00,22.167,703.1
2026-05-31 18:15:00,22.25,707.0
2026-05-31 18:20:00,22.333,708.6
2026-05-31 18:25:00,22.417,713.9000000000001
2026-05-31 18:30:00,22.5,711.8
2026-05-31 18:35:00,22.583,712.1
2026-05-31 18:40:00,22.667,718.0
2026-05-31 18:45:00,22.75,727.3
2026-05-31 18:50:00,22.833,727.1
2026-05-31 18:55:00,22.917,731.95
2026-05-31 19:00:00,23.0,735.5
2026-05-31 19:05:00,23.083,732.2
2026-05-31 19:10:00,23.167,741.8499999999999
2026-05-31 19:15:00,23.25,747.8
2026-05-31 19:20:00,23.333,751.2
2026-05-31 19:25:00,23.417,757.2
2026-05-31 19:30:00,23.5,757.65
2026-05-31 19:35:00,23.583,763.9
2026-05-31 19:40:00,23.667,767.6500000000001
2026-05-31 19:45:00,23.75,772.6
2026-05-31 19:50:00,23.833,777.9000000000001
2026-05-31 19:55:00,23.917,784.5
2026-05-31 20:00:00,24.0,786.1500000000001
2026-05-31 20:05:00,24.083,791.55
2026-05-31 20:10:00,24.167,796.75
2026-05-31 20:15:00,24.25,798.05
2026-05-31 20:20:00,24.333,805.45
2026-05-31 20:25:00,24.417,818.7
2026-05-31 20:30:00,24.5,825.9
2026-05-31 20:35:00,24.583,831.9
2026-05-31 20:40:00,24.667,843.7
2026-05-31 20:45:00,24.75,843.05
2026-05-31 20:50:00,24.833,852.1
2026-05-31 20:55:00,24.917,861.05
2026-05-31 21:00:00,25.0,874.2
2026-05-31 21:05:00,25.083,879.1
2026-05-31 21:10:00,25.167,895.9
2026-05-31 21:15:00,25.25,906.9
2026-05-31 21:20:00,25.333,928.4000000000001
2026-05-31 21:25:00,25.417,938.6
2026-05-31 21:30:00,25.5,941.7
2026-05-31 21:35:00,25.583,949.3
2026-05-31 21:40:00,25.667,973.8499999999999
2026-05-31 21:45:00,25.75,986.75
2026-05-31 21:50:00,25.833,999.0
2026-05-31 21:55:00,25.917,1014.3
2026-05-31 22:00:00,26.0,1034.8
2026-05-31 22:05:00,26.083,1052.55
2026-05-31 22:10:00,26.167,1059.6
2026-05-31 22:15:00,26.25,1073.1999999999998
2026-05-31 22:20:00,26.333,1093.15
2026-05-31 22:25:00,26.417,1103.3
2026-05-31 22:30:00,26.5,1125.9
2026-05-31 22:35:00,26.583,1137.5500000000002
2026-05-31 22:40:00,26.667,1166.9
2026-05-31 22:45:00,26.75,1189.1
2026-05-31 22:50:00,26.833,1197.8
2026-05-31 22:55:00,26.917,1219.2
2026-05-31 23:00:00,27.0,1239.6
2026-05-31 23:05:00,27.083,1254.0
2026-05-31 23:10:00,27.167,1285.0
2026-05-31 23:15:00,27.25,1293.2
2026-05-31 23:20:00,27.333,1339.7
2026-05-31 23:25:00,27.417,1349.05
2026-05-31 23:30:00,27.5,1374.2
2026-05-31 23:35:00,27.583,1417.8
2026-05-31 23:40:00,27.667,1447.3
2026-05-31 23:45:00,27.75,1478.6999999999998
2026-05-31 23:50:00,27.833,1511.8000000000002
2026-05-31 23:55:00,27.917,1551.5
2026-06-01 00:00:00,28.0,1581.8
2026-06-01 00:05:00,28.083,1602.5
2026-06-01 00:10:00,28.167,1647.5
2026-06-01 00:15:00,28.25,1700.4
2026-06-01 00:20:00,28.333,1721.5500000000002
2026-06-01 00:25:00,28.417,1772.35
2026-06-01 00:30:00,28.5,1804.3
2026-06-01 00:35:00,28.583,1856.7
2026-06-01 00:40:00,28.667,1901.5
2026-06-01 00:45:00,28.75,1945.5
2026-06-01 00:50:00,28.833,1995.3000000000002
2026-06-01 00:55:00,28.917,2040.45
2026-06-01 01:00:00,29.0,2077.5
2026-06-01 01:05:00,29.083,2145.8
2026-06-01 01:10:00,29.167,2175.7
2026-06-01 01:15:00,29.25,2229.3
2026-06-01 01:20:00,29.333,2284.3
2026-06-01 01:25:00,29.417,2338.25
2026-06-01 01:30:00,29.5,2418.0
2026-06-01 01:35:00,29.583,2435.5
2026-06-01 01:40:00,29.667,2512.0
2026-06-01 01:45:00,29.75,2559.8
2026-06-01 01:50:00,29.833,2629.1
2026-06-01 01:55:00,29.917,2672.25
2026-06-01 02:00:00,30.0,2719.8
2026-06-01 02:05:00,30.083,2780.7
2026-06-01 02:10:00,30.167,2836.6
2026-06-01 02:15:00,30.25,2882.0
2026-06-01 02:20:00,30.333,2961.0
2026-06-01 02:25:00,30.417,3022.1
2026-06-01 02:30:00,30.5,3069.5
2026-06-01 02:35:00,30.583,3159.0
2026-06-01 02:40:00,30.667,3189.5
2026-06-01 02:45:00,30.75,3277.25
2026-06-01 02:50:00,30.833,3359.6
2026-06-01 02:55:00,30.917,3449.6000000000004
2026-06-01 03:00:00,31.0,3535.7
2026-06-01 03:05:00,31.083,3630.6
2026-06-01 03:10:00,31.167,3706.6000000000004
2026-06-01 03:15:00,31.25,3762.5
2026-06-01 03:20:00,31.333,3809.75
2026-06-01 03:25:00,31.417,3884.2
2026-06-01 03:30:00,31.5,3970.2
2026-06-01 03:35:00,31.583,4009.1
2026-06-01 03:40:00,31.667,4086.6
2026-06-01 03:45:00,31.75,4169.5
2026-06-01 03:50:00,31.833,4242.1
2026-06-01 03:55:00,31.917,4324.450000000001
2026-06-01 04:00:00,32.0,4376.200000000001
2026-06-01 04:05:00,32.083,4423.6
2026-06-01 04:10:00,32.167,4545.6
2026-06-01 04:15:00,32.25,4583.5
2026-06-01 04:20:00,32.333,4675.6
2026-06-01 04:25:00,32.417,4738.6
2026-06-01 04:30:00,32.5,4802.299999999999
2026-06-01 04:35:00,32.583,4882.3
2026-06-01 04:40:00,32.667,4962.1
2026-06-01 04:45:00,32.75,5018.4
2026-06-01 04:50:00,32.833,5103.6
2026-06-01 04:55:00,32.917,5205.95
2026-06-01 05:00:00,33.0,5279.2
2026-06-01 05:05:00,33.083,5359.8
2026-06-01 05:10:00,33.167,5426.6
2026-06-01 05:15:00,33.25,5498.4
2026-06-01 05:20:00,33.333,5589.4
2026-06-01 05:25:00,33.417,5664.4
2026-06-01 05:30:00,33.5,5737.4
2026-06-01 05:35:00,33.583,5829.5
2026-06-01 05:40:00,33.667,5907.549999999999
2026-06-01 05:45:00,33.75,6003.3
2026-06-01 05:50:00,33.833,6090.4
2026-06-01 05:55:00,33.917,6150.5
2026-06-01 06:00:00,34.0,6232.1
2026-06-01 06:05:00,34.083,6313.2
2026-06-01 06:10:00,34.167,6421.7
2026-06-01 06:15:00,34.25,6493.05
2026-06-01 06:20:00,34.333,6598.1
2026-06-01 06:25:00,34.417,6663.8
2026-06-01 06:30:00,34.5,6812.55
2026-06-01 06:35:00,34.583,6873.2
2026-06-01 06:40:00,34.667,6943.299999999999
2026-06-01 06:45:00,34.75,7027.1
2026-06-01 06:50:00,34.833,7149.5
2026-06-01 06:55:00,34.917,7240.3
2026-06-01 07:00:00,35.0,7349.55
2026-06-01 07:05:00,35.083,7392.1
2026-06-01 07:10:00,35.167,7510.0
2026-06-01 07:15:00,35.25,7613.2
2026-06-01 07:20:00,35.333,7717.2
2026-06-01 07:25:00,35.417,7835.3
2026-06-01 07:30:00,35.5,7932.4
2026-06-01 07:35:00,35.583,8050.9
2026-06-01 07:40:00,35.667,8172.5
2026-06-01 07:45:00,35.75,8245.0
2026-06-01 07:50:00,35.833,8354.3
2026-06-01 07:55:00,35.917,8474.45
2026-06-01 08:00:00,36.0,8534.7
2026-06-01 08:05:00,36.083,8684.2
2026-06-01 08:10:00,36.167,8818.6
2026-06-01 08:15:00,36.25,8878.6
2026-06-01 08:20:00,36.333,8944.2
2026-06-01 08:25:00,36.417,9043.0
2026-06-01 08:30:00,36.5,9126.7
2026-06-01 08:35:00,36.583,9273.1
2026-06-01 08:40:00,36.667,9362.4
2026-06-01 08:45:00,36.75,9478.65
2026-06-01 08:50:00,36.833,9586.45
2026-06-01 08:55:00,36.917,9647.55
2026-06-01 09:00:00,37.0,9793.9
2026-06-01 09:05:00,37.083,9856.4
2026-06-01 09:10:00,37.167,9980.25
2026-06-01 09:50:00,37.833,9864.7
2026-06-01 10:00:00,38.0,3896.7
2026-06-01 10:05:00,38.083,3226.8
2026-06-01 10:10:00,38.167,2747.7
2026-06-01 10:15:00,38.25,2572.65
2026-06-01 10:20:00,38.333,2412.9
2026-06-01 10:25:00,38.417,2388.2
2026-06-01 10:30:00,38.5,2385.35
2026-06-01 10:35:00,38.583,2407.7
2026-06-01 10:40:00,38.667,2442.0
2026-06-01 10:45:00,38.75,2514.6
2026-06-01 10:50:00,38.833,2576.8
2026-06-01 10:55:00,38.917,2646.7
2026-06-01 11:00:00,39.0,2698.15
2026-06-01 11:05:00,39.083,2794.1000000000004
2026-06-01 11:10:00,39.167,2860.75
2026-06-01 11:15:00,39.25,2930.7
2026-06-01 11:20:00,39.333,2987.95
2026-06-01 11:25:00,39.417,3064.2
2026-06-01 11:30:00,39.5,3139.8
2026-06-01 11:35:00,39.583,3213.1
2026-06-01 11:40:00,39.667,3305.3999999999996
2026-06-01 11:45:00,39.75,3401.85
2026-06-01 11:50:00,39.833,3453.05
2026-06-01 11:55:00,39.917,3527.3
2026-06-01 12:00:00,40.0,3633.45
2026-06-01 12:05:00,40.083,3704.65
2026-06-01 12:10:00,40.167,3766.25
2026-06-01 12:15:00,40.25,3854.75
2026-06-01 12:20:00,40.333,3938.3
2026-06-01 12:25:00,40.417,4014.1
2026-06-01 12:30:00,40.5,4115.85
2026-06-01 12:35:00,40.583,4166.0
2026-06-01 12:40:00,40.667,4252.6
2026-06-01 12:45:00,40.75,4321.200000000001
2026-06-01 12:50:00,40.833,4410.5
2026-06-01 12:55:00,40.917,4500.9
2026-06-01 13:00:00,41.0,4595.6
2026-06-01 13:05:00,41.083,4656.75
2026-06-01 13:10:00,41.167,4777.4
2026-06-01 13:15:00,41.25,4853.35
2026-06-01 13:20:00,41.333,4921.450000000001
2026-06-01 13:25:00,41.417,5028.1
2026-06-01 13:30:00,41.5,5098.2
2026-06-01 13:35:00,41.583,5192.299999999999
2026-06-01 13:40:00,41.667,5268.4
2026-06-01 13:45:00,41.75,5394.95
2026-06-01 13:50:00,41.833,5470.25
2026-06-01 13:55:00,41.917,5572.05
2026-06-01 14:00:00,42.0,5614.1
2026-06-01 14:05:00,42.083,5664.1
2026-06-01 14:10:00,42.167,5753.15
2026-06-01 14:15:00,42.25,5848.200000000001
2026-06-01 14:20:00,42.333,5982.0
2026-06-01 14:25:00,42.417,6048.35
2026-06-01 14:30:00,42.5,6127.9
2026-06-01 14:35:00,42.583,6185.5
2026-06-01 14:40:00,42.667,6230.0
2026-06-01 14:45:00,42.75,6292.65
2026-06-01 14:50:00,42.833,6334.15
2026-06-01 14:55:00,42.917,6402.35
2026-06-01 15:00:00,43.0,6445.9
2026-06-01 15:05:00,43.083,6547.9
2026-06-01 15:10:00,43.167,6603.700000000001
2026-06-01 15:15:00,43.25,6654.6
2026-06-01 15:20:00,43.333,6741.25
2026-06-01 15:25:00,43.417,6903.45
2026-06-01 15:30:00,43.5,7026.4
2026-06-01 15:35:00,43.583,7057.9
2026-06-01 15:40:00,43.667,7086.05
2026-06-01 15:45:00,43.75,7191.9
2026-06-01 15:50:00,43.833,7243.2
2026-06-01 15:55:00,43.917,7338.05
2026-06-01 16:00:00,44.0,7397.5
2026-06-01 16:05:00,44.083,7494.2
2026-06-01 16:10:00,44.167,7547.0
2026-06-01 16:15:00,44.25,7627.85
2026-06-01 16:20:00,44.333,7721.9
2026-06-01 16:25:00,44.417,7799.9
2026-06-01 16:30:00,44.5,7871.0
2026-06-01 16:35:00,44.583,7906.65
2026-06-01 16:40:00,44.667,8002.549999999999
2026-06-01 16:45:00,44.75,8055.5
2026-06-01 16:50:00,44.833,8139.65
2026-06-01 16:55:00,44.917,8203.4
2026-06-01 17:00:00,45.0,8248.45
2026-06-01 17:05:00,45.083,8355.0
2026-06-01 17:10:00,45.167,8427.75
2026-06-01 17:15:00,45.25,8492.65
2026-06-01 17:20:00,45.333,8585.7
2026-06-01 17:25:00,45.417,8644.7
2026-06-01 17:30:00,45.5,8746.05
2026-06-01 17:35:00,45.583,8814.75
2026-06-01 17:40:00,45.667,8854.849999999999
2026-06-01 17:45:00,45.75,8934.1
2026-06-01 17:50:00,45.833,9003.4
2026-06-01 17:55:00,45.917,9122.4
2026-06-01 18:00:00,46.0,9209.75
2026-06-01 18:05:00,46.083,9299.5
2026-06-01 18:10:00,46.167,9376.05
2026-06-01 18:15:00,46.25,9477.3
2026-06-01 18:20:00,46.333,9558.55
2026-06-01 18:25:00,46.417,9706.3
2026-06-01 18:30:00,46.5,9796.9
2026-06-01 18:35:00,46.583,9888.1
2026-06-01 18:40:00,46.667,9952.8
2026-06-01 18:45:00,46.75,-1.0
2026-06-01 18:50:00,46.833,-1.0
2026-06-01 18:55:00,46.917,-1.0
2026-06-01 19:00:00,47.0,-1.0
2026-06-01 19:05:00,47.083,9761.5
2026-06-01 19:10:00,47.167,7224.2
2026-06-01 19:15:00,47.25,9167.4
2026-06-01 19:20:00,47.333,10814.45
2026-06-01 19:25:00,47.417,10930.95
2026-06-01 19:30:00,47.5,11090.45
2026-06-01 19:35:00,47.583,11146.0
2026-06-01 19:40:00,47.667,11279.150000000001
2026-06-01 19:45:00,47.75,11366.3
2026-06-01 19:50:00,47.833,11466.15
2026-06-01 19:55:00,47.917,11592.2
2026-06-01 20:00:00,48.0,11658.85
2026-06-01 20:05:00,48.083,11793.6
2026-06-01 20:10:00,48.167,11903.1
2026-06-01 20:15:00,48.25,11991.2
2026-06-01 20:20:00,48.333,12047.3
2026-06-01 20:25:00,48.417,12175.25
2026-06-01 20:30:00,48.5,12295.9
2026-06-01 20:35:00,48.583,12391.05
2026-06-01 20:40:00,48.667,12514.0
2026-06-01 20:45:00,48.75,12598.25
2026-06-01 20:50:00,48.833,12670.05
2026-06-01 20:55:00,48.917,12765.75
2026-06-01 21:00:00,49.0,12889.6
2026-06-01 21:05:00,49.083,12955.1
2026-06-01 21:10:00,49.167,13062.05
2026-06-01 21:15:00,49.25,13169.2
2026-06-01 21:20:00,49.333,13241.0
2026-06-01 21:25:00,49.417,13376.849999999999
2026-06-01 21:30:00,49.5,13446.3
2026-06-01 21:35:00,49.583,13551.8
2026-06-01 21:40:00,49.667,13629.900000000001
2026-06-01 21:45:00,49.75,13750.65
2026-06-01 21:50:00,49.833,13812.3
2026-06-01 21:55:00,49.917,13882.650000000001
2026-06-01 22:00:00,50.0,13961.4
2026-06-01 22:05:00,50.083,14092.900000000001
2026-06-01 22:10:00,50.167,14162.5
2026-06-01 22:15:00,50.25,14272.15
2026-06-01 22:20:00,50.333,14372.8
2026-06-01 22:25:00,50.417,14463.0
2026-06-01 22:30:00,50.5,14564.3
2026-06-01 22:35:00,50.583,14683.45
2026-06-01 22:40:00,50.667,14762.45
2026-06-01 22:45:00,50.75,14878.6
2026-06-01 22:50:00,50.833,14995.45
2026-06-01 22:55:00,50.917,15071.7
2026-06-01 23:00:00,51.0,15208.95
2026-06-01 23:05:00,51.083,15253.15
2026-06-01 23:10:00,51.167,15404.3
2026-06-01 23:15:00,51.25,15488.5
2026-06-01 23:20:00,51.333,15557.25
2026-06-01 23:25:00,51.417,15662.75
2026-06-01 23:30:00,51.5,15756.2
2026-06-01 23:35:00,51.583,15830.55
2026-06-01 23:40:00,51.667,15957.099999999999
2026-06-01 23:45:00,51.75,16072.05
2026-06-01 23:50:00,51.833,16141.1
2026-06-01 23:55:00,51.917,16195.15
2026-06-02 00:00:00,52.0,16293.0
2026-06-02 00:05:00,52.083,16339.25
2026-06-02 00:10:00,52.167,16452.1
2026-06-02 00:15:00,52.25,16535.95
2026-06-02 00:20:00,52.333,16627.15
2026-06-02 00:25:00,52.417,16710.65
2026-06-02 00:30:00,52.5,16783.9
2026-06-02 00:35:00,52.583,16856.2
2026-06-02 00:40:00,52.667,16944.949999999997
2026-06-02 00:45:00,52.75,17035.9
2026-06-02 00:50:00,52.833,17116.5
2026-06-02 00:55:00,52.917,17223.2
2026-06-02 01:00:00,53.0,17305.65
2026-06-02 01:05:00,53.083,17396.6
2026-06-02 01:10:00,53.167,17469.65
2026-06-02 01:15:00,53.25,17552.1
2026-06-02 01:20:00,53.333,17641.1
2026-06-02 01:25:00,53.417,17741.8
2026-06-02 01:30:00,53.5,17808.199999999997
2026-06-02 01:35:00,53.583,17901.0
2026-06-02 01:40:00,53.667,17958.05
2026-06-02 01:45:00,53.75,18063.699999999997
2026-06-02 01:50:00,53.833,18136.9
2026-06-02 01:55:00,53.917,18190.8
2026-06-02 02:00:00,54.0,18243.55
2026-06-02 02:05:00,54.083,18357.15
2026-06-02 02:10:00,54.167,18404.1
2026-06-02 02:15:00,54.25,18490.75
2026-06-02 02:20:00,54.333,18544.5
2026-06-02 02:25:00,54.417,18606.55
2026-06-02 02:30:00,54.5,18743.6
2026-06-02 02:35:00,54.583,18817.7
2026-06-02 02:40:00,54.667,18921.7
2026-06-02 02:45:00,54.75,19000.4
2026-06-02 02:50:00,54.833,19094.75
2026-06-02 02:55:00,54.917,19165.8
2026-06-02 03:00:00,55.0,19290.1
2026-06-02 03:05:00,55.083,19353.5
2026-06-02 03:10:00,55.167,19403.1
2026-06-02 03:15:00,55.25,19485.800000000003
2026-06-02 03:20:00,55.333,19572.85
2026-06-02 03:25:00,55.417,19653.550000000003
2026-06-02 03:30:00,55.5,19724.2
2026-06-02 03:35:00,55.583,19801.3
2026-06-02 03:40:00,55.667,19885.0
2026-06-02 03:45:00,55.75,19965.1
2026-06-02 03:50:00,55.833,20072.0
2026-06-02 03:55:00,55.917,20113.2
2026-06-02 04:00:00,56.0,20232.85
2026-06-02 04:05:00,56.083,20304.3
2026-06-02 04:10:00,56.167,20351.8
2026-06-02 04:15:00,56.25,20439.949999999997
2026-06-02 04:20:00,56.333,20522.55
2026-06-02 04:25:00,56.417,20623.050000000003
2026-06-02 04:30:00,56.5,20692.2
2026-06-02 04:35:00,56.583,20762.6
2026-06-02 04:40:00,56.667,20900.45
2026-06-02 04:45:00,56.75,20949.2
2026-06-02 04:50:00,56.833,21023.65
2026-06-02 04:55:00,56.917,21136.1
2026-06-02 05:00:00,57.0,21239.05
2026-06-02 05:05:00,57.083,21287.8
2026-06-02 05:10:00,57.167,21349.6
2026-06-02 05:15:00,57.25,21422.8
2026-06-02 05:20:00,57.333,21492.65
2026-06-02 05:25:00,57.417,21588.8
2026-06-02 05:30:00,57.5,21673.65
2026-06-02 05:35:00,57.583,21725.65
2026-06-02 05:40:00,57.667,21791.2
2026-06-02 05:45:00,57.75,21873.949999999997
2026-06-02 05:50:00,57.833,21982.35
2026-06-02 05:55:00,57.917,22034.9
2026-06-02 06:00:00,58.0,22143.3
2026-06-02 06:05:00,58.083,22249.5
2026-06-02 06:10:00,58.167,22294.4
2026-06-02 06:15:00,58.25,22358.0
2026-06-02 06:20:00,58.333,22445.7
2026-06-02 06:25:00,58.417,22444.5
2026-06-02 06:30:00,58.5,22537.75
2026-06-02 06:35:00,58.583,22643.65
2026-06-02 06:40:00,58.667,22705.550000000003
2026-06-02 06:45:00,58.75,22813.2
2026-06-02 06:50:00,58.833,22876.9
2026-06-02 06:55:00,58.917,22957.4
2026-06-02 07:00:00,59.0,23021.35
2026-06-02 07:05:00,59.083,23079.3
2026-06-02 07:10:00,59.167,23122.3
2026-06-02 07:15:00,59.25,23221.1
2026-06-02 07:20:00,59.333,23319.800000000003
2026-06-02 07:25:00,59.417,23350.1
2026-06-02 07:30:00,59.5,23422.7
2026-06-02 07:35:00,59.583,23495.300000000003
2026-06-02 07:40:00,59.667,23562.5
2026-06-02 07:45:00,59.75,23631.449999999997
2026-06-02 07:50:00,59.833,23692.4
2026-06-02 07:55:00,59.917,23774.15
2026-06-02 08:00:00,60.0,23854.35
2026-06-02 08:05:00,60.083,23952.5
2026-06-02 08:10:00,60.167,24018.6
2026-06-02 08:15:00,60.25,24131.949999999997
2026-06-02 08:20:00,60.333,24205.8
2026-06-02 08:25:00,60.417,24244.199999999997
2026-06-02 08:30:00,60.5,24330.9
2026-06-02 08:35:00,60.583,24393.8
2026-06-02 08:40:00,60.667,24407.85
2026-06-02 08:45:00,60.75,24443.2
2026-06-02 08:50:00,60.833,24542.45
2026-06-02 08:55:00,60.917,24576.3
2026-06-02 09:00:00,61.0,24626.65
2026-06-02 09:05:00,61.083,24714.0
2026-06-02 09:10:00,61.167,24776.75
2026-06-02 09:15:00,61.25,24816.2
2026-06-02 09:20:00,61.333,24908.2
2026-06-02 09:25:00,61.417,24912.0
2026-06-02 09:30:00,61.5,24946.550000000003
2026-06-02 09:35:00,61.583,25013.8
2026-06-02 09:40:00,61.667,25042.95
2026-06-02 09:45:00,61.75,25110.6
2026-06-02 09:50:00,61.833,25154.85
2026-06-02 09:55:00,61.917,25099.3
2026-06-02 10:00:00,62.0,25099.95
2026-06-02 10:05:00,62.083,25141.9
2026-06-02 10:10:00,62.167,25165.85
2026-06-02 10:15:00,62.25,25221.65
2026-06-02 10:20:00,62.333,25245.9
2026-06-02 10:25:00,62.417,25352.25
2026-06-02 10:30:00,62.5,25321.4
2026-06-02 10:35:00,62.583,25374.449999999997
2026-06-02 10:40:00,62.667,25387.0
2026-06-02 10:45:00,62.75,25402.0
2026-06-02 10:50:00,62.833,25395.5
2026-06-02 10:55:00,62.917,25364.3
2026-06-02 11:00:00,63.0,25329.199999999997
2026-06-02 11:05:00,63.083,25265.8
2026-06-02 11:10:00,63.167,25298.8
2026-06-02 11:15:00,63.25,25393.5
2026-06-02 11:20:00,63.333,25533.949999999997
2026-06-02 11:25:00,63.417,25504.75
2026-06-02 11:30:00,63.5,25526.2
2026-06-02 11:35:00,63.583,25494.6
2026-06-02 11:40:00,63.667,25538.4
2026-06-02 11:45:00,63.75,25539.800000000003
2026-06-02 11:50:00,63.833,25548.7
2026-06-02 11:55:00,63.917,25579.050000000003
2026-06-02 12:00:00,64.0,25585.2
2026-06-02 12:05:00,64.083,25681.3
2026-06-02 12:10:00,64.167,25704.75
2026-06-02 12:15:00,64.25,25756.85
2026-06-02 12:20:00,64.333,25780.2
2026-06-02 12:25:00,64.417,25811.6
2026-06-02 12:30:00,64.5,25879.5
2026-06-02 12:35:00,64.583,25912.75
2026-06-02 12:40:00,64.667,25911.5
2026-06-02 12:45:00,64.75,25887.75
2026-06-02 12:50:00,64.833,25951.95
2026-06-02 12:55:00,64.917,25943.7
2026-06-02 13:00:00,65.0,25982.3
2026-06-02 13:05:00,65.083,26066.45
2026-06-02 13:10:00,65.167,26119.05
2026-06-02 13:15:00,65.25,26098.4
2026-06-02 13:20:00,65.333,26059.7
2026-06-02 13:25:00,65.417,26085.45
2026-06-02 13:30:00,65.5,26152.15
2026-06-02 13:35:00,65.583,26239.6
2026-06-02 13:40:00,65.667,26245.2
2026-06-02 13:45:00,65.75,26241.7
2026-06-02 13:50:00,65.833,26274.2
2026-06-02 13:55:00,65.917,26346.75
2026-06-02 14:00:00,66.0,26384.4
2026-06-02 14:05:00,66.083,26375.0
2026-06-02 14:10:00,66.167,26450.1
2026-06-02 14:15:00,66.25,26470.85
2026-06-02 14:20:00,66.333,26452.4
2026-06-02 14:25:00,66.417,26343.0
2026-06-02 14:30:00,66.5,26323.0
2026-06-02 14:35:00,66.583,26255.4
2026-06-02 14:40:00,66.667,26270.949999999997
2026-06-02 14:45:00,66.75,26342.9
2026-06-02 14:50:00,66.833,26408.6
2026-06-02 14:55:00,66.917,26464.2
2026-06-02 15:00:00,67.0,26528.05
2026-06-02 15:05:00,67.083,26612.45
2026-06-02 15:10:00,67.167,26647.15
2026-06-02 15:15:00,67.25,26663.9
2026-06-02 15:20:00,67.333,26684.9
2026-06-02 15:25:00,67.417,26723.75
2026-06-02 15:30:00,67.5,26720.5
2026-06-02 15:35:00,67.583,26707.15
2026-06-02 15:40:00,67.667,26725.4
2026-06-02 15:45:00,67.75,26672.6
2026-06-02 15:50:00,67.833,26690.7
2026-06-02 15:55:00,67.917,26717.65
2026-06-02 16:00:00,68.0,26714.75
2026-06-02 16:05:00,68.083,26671.2
2026-06-02 16:10:00,68.167,26624.65
2026-06-02 16:15:00,68.25,26682.050000000003
2026-06-02 16:20:00,68.333,26641.4
2026-06-02 16:25:00,68.417,26666.8
2026-06-02 16:30:00,68.5,26720.2
2026-06-02 16:35:00,68.583,26759.5
2026-06-02 16:40:00,68.667,26734.8
2026-06-02 16:45:00,68.75,26747.7
2026-06-02 16:50:00,68.833,26739.4
2026-06-02 16:55:00,68.917,26743.1
2026-06-02 17:00:00,69.0,26831.699999999997
2026-06-02 17:05:00,69.083,26795.9
2026-06-02 17:10:00,69.167,26834.8
2026-06-02 17:15:00,69.25,26810.35
2026-06-02 17:20:00,69.333,26869.95
2026-06-02 17:25:00,69.417,27016.5
2026-06-02 17:30:00,69.5,27001.5
2026-06-02 17:35:00,69.583,26986.05
2026-06-02 17:40:00,69.667,26964.0
2026-06-02 17:45:00,69.75,26945.5
2026-06-02 17:50:00,69.833,26942.9
2026-06-02 17:55:00,69.917,26940.9
2026-06-02 18:00:00,70.0,26935.6
2026-06-02 18:05:00,70.083,26897.050000000003
2026-06-02 18:10:00,70.167,26924.949999999997
2026-06-02 18:15:00,70.25,26982.8
2026-06-02 18:20:00,70.333,26987.6
2026-06-02 18:25:00,70.417,26997.4
2026-06-02 18:30:00,70.5,26950.35
2026-06-02 18:35:00,70.583,26949.3
2026-06-02 18:40:00,70.667,26975.65
2026-06-02 18:45:00,70.75,27042.45
2026-06-02 18:50:00,70.833,27051.3
2026-06-02 18:55:00,70.917,27056.3
2026-06-02 19:00:00,71.0,27073.0
2026-06-02 19:05:00,71.083,27099.5
2026-06-02 19:10:00,71.167,27137.6
2026-06-02 19:15:00,71.25,27115.1
2026-06-02 19:20:00,71.333,27180.6
2026-06-02 19:25:00,71.417,27219.85
2026-06-02 19:30:00,71.5,27209.5
2026-06-02 19:35:00,71.583,27236.05
2026-06-02 19:40:00,71.667,27266.1
2026-06-02 19:45:00,71.75,27269.9
2026-06-02 19:50:00,71.833,27329.4
2026-06-02 19:55:00,71.917,27359.55
2026-06-02 20:00:00,72.0,27417.300000000003
2026-06-02 20:05:00,72.083,27473.7
2026-06-02 20:10:00,72.167,27519.7
2026-06-02 20:15:00,72.25,27534.3
2026-06-02 20:20:00,72.333,27597.75
2026-06-02 20:25:00,72.417,27659.5
2026-06-02 20:30:00,72.5,27753.7
2026-06-02 20:35:00,72.583,27772.25
2026-06-02 20:40:00,72.667,27816.9
2026-06-02 20:45:00,72.75,27865.25
2026-06-02 20:50:00,72.833,27910.7
2026-06-02 20:55:00,72.917,27961.6
2026-06-02 21:00:00,73.0,28064.5
2026-06-02 21:05:00,73.083,28081.0
2026-06-02 21:10:00,73.167,28134.6
2026-06-02 21:15:00,73.25,28151.85
2026-06-02 21:20:00,73.333,28228.9
2026-06-02 21:25:00,73.417,28314.7
2026-06-02 21:30:00,73.5,28397.65
2026-06-02 21:35:00,73.583,28407.9
2026-06-02 21:40:00,73.667,28514.25
2026-06-02 21:45:00,73.75,28524.3
2026-06-02 21:50:00,73.833,28640.5
2026-06-02 21:55:00,73.917,28673.25
2026-06-02 22:00:00,74.0,28732.75
2026-06-02 22:05:00,74.083,28762.199999999997
2026-06-02 22:10:00,74.167,28875.0
2026-06-02 22:15:00,74.25,28903.85
2026-06-02 22:20:00,74.333,28976.3
2026-06-02 22:25:00,74.417,29082.55
2026-06-02 22:30:00,74.5,29114.9
2026-06-02 22:35:00,74.583,29189.25
2026-06-02 22:40:00,74.667,29241.0
2026-06-02 22:45:00,74.75,29308.2
2026-06-02 22:50:00,74.833,29383.25
2026-06-02 22:55:00,74.917,29436.95
2026-06-02 23:00:00,75.0,29540.699999999997
2026-06-02 23:05:00,75.083,29566.0
2026-06-02 23:10:00,75.167,29621.9
2026-06-02 23:15:00,75.25,29707.55
2026-06-02 23:20:00,75.333,29817.050000000003
2026-06-02 23:25:00,75.417,29819.5
2026-06-02 23:30:00,75.5,29847.85
2026-06-02 23:35:00,75.583,29910.95
2026-06-02 23:40:00,75.667,30023.550000000003
2026-06-02 23:45:00,75.75,30068.4
2026-06-02 23:50:00,75.833,30135.1
2026-06-02 23:55:00,75.917,30171.35
2026-06-03 00:00:00,76.0,30233.35
2026-06-03 00:05:00,76.083,30298.8
2026-06-03 00:10:00,76.167,30327.9
2026-06-03 00:15:00,76.25,30433.75
2026-06-03 00:20:00,76.333,30455.7
2026-06-03 00:25:00,76.417,30535.0
2026-06-03 00:30:00,76.5,30510.85
2026-06-03 00:35:00,76.583,30645.9
2026-06-03 00:40:00,76.667,30722.75
2026-06-03 00:45:00,76.75,30793.8
2026-06-03 00:50:00,76.833,30868.8
2026-06-03 00:55:00,76.917,30927.0
2026-06-03 01:00:00,77.0,30972.25
2026-06-03 01:05:00,77.083,30997.65
2026-06-03 01:10:00,77.167,31070.55
2026-06-03 01:15:00,77.25,31159.2
2026-06-03 01:20:00,77.333,31212.65
2026-06-03 01:25:00,77.417,31235.6
2026-06-03 01:30:00,77.5,31297.8
2026-06-03 01:35:00,77.583,31334.75
2026-06-03 01:40:00,77.667,31415.7
2026-06-03 01:45:00,77.75,31482.15
2026-06-03 01:50:00,77.833,31531.949999999997
2026-06-03 01:55:00,77.917,31570.5
2026-06-03 02:00:00,78.0,31606.300000000003
2026-06-03 02:05:00,78.083,31728.699999999997
2026-06-03 02:10:00,78.167,31748.050000000003
2026-06-03 02:15:00,78.25,31737.1
2026-06-03 02:20:00,78.333,31812.05
2026-06-03 02:25:00,78.417,31913.300000000003
2026-06-03 02:30:00,78.5,31973.95
2026-06-03 02:35:00,78.583,32063.5
2026-06-03 02:40:00,78.667,32076.0
2026-06-03 02:45:00,78.75,32140.3
2026-06-03 02:50:00,78.833,32218.7
2026-06-03 02:55:00,78.917,32196.0
2026-06-03 03:00:00,79.0,32347.5
2026-06-03 03:05:00,79.083,32390.35
2026-06-03 03:10:00,79.167,32436.7
2026-06-03 03:15:00,79.25,32480.35
2026-06-03 03:20:00,79.333,32520.0
2026-06-03 03:25:00,79.417,32608.1
2026-06-03 03:30:00,79.5,32702.2
2026-06-03 03:35:00,79.583,32725.8
2026-06-03 03:40:00,79.667,32786.75
2026-06-03 03:45:00,79.75,32850.65
2026-06-03 03:50:00,79.833,32836.4
2026-06-03 03:55:00,79.917,32910.85
2026-06-03 04:00:00,80.0,32987.399999999994
2026-06-03 04:05:00,80.083,33071.2
2026-06-03 04:10:00,80.167,33124.9
2026-06-03 04:15:00,80.25,33188.649999999994
2026-06-03 04:20:00,80.333,33276.05
2026-06-03 04:25:00,80.417,33304.4
2026-06-03 04:30:00,80.5,33341.8
2026-06-03 04:35:00,80.583,33408.5
2026-06-03 04:40:00,80.667,33421.0
2026-06-03 04:45:00,80.75,33440.05
2026-06-03 04:50:00,80.833,33503.35
2026-06-03 04:55:00,80.917,33535.2
2026-06-03 05:00:00,81.0,33592.7
2026-06-03 05:05:00,81.083,33629.3
2026-06-03 05:10:00,81.167,33674.7
2026-06-03 05:15:00,81.25,33712.1
2026-06-03 05:20:00,81.333,33781.600000000006
2026-06-03 05:25:00,81.417,33806.8
2026-06-03 05:30:00,81.5,33845.05
2026-06-03 05:35:00,81.583,33894.7
2026-06-03 05:40:00,81.667,33998.0
2026-06-03 05:45:00,81.75,34078.149999999994
2026-06-03 05:50:00,81.833,34126.1
2026-06-03 05:55:00,81.917,34177.7
2026-06-03 06:00:00,82.0,34225.8
2026-06-03 06:05:00,82.083,34256.149999999994
2026-06-03 06:10:00,82.167,34302.8
2026-06-03 06:15:00,82.25,34356.6
2026-06-03 06:20:00,82.333,34465.2
2026-06-03 06:25:00,82.417,34494.5
2026-06-03 06:30:00,82.5,34551.35
2026-06-03 06:35:00,82.583,34562.8
2026-06-03 06:40:00,82.667,34641.2
2026-06-03 06:45:00,82.75,34743.5
2026-06-03 06:50:00,82.833,34811.25
2026-06-03 06:55:00,82.917,34868.0
2026-06-03 07:00:00,83.0,34934.55
2026-06-03 07:05:00,83.083,35003.0
2026-06-03 07:10:00,83.167,35039.1
2026-06-03 07:15:00,83.25,35120.9
2026-06-03 07:20:00,83.333,35217.0
2026-06-03 07:25:00,83.417,35271.95
2026-06-03 07:30:00,83.5,35339.0
2026-06-03 07:35:00,83.583,35419.100000000006
2026-06-03 07:40:00,83.667,35509.9
2026-06-03 07:45:00,83.75,35554.25
2026-06-03 07:50:00,83.833,35624.1
2026-06-03 07:55:00,83.917,35669.399999999994
2026-06-03 08:00:00,84.0,35781.6
2026-06-03 08:05:00,84.083,35813.2
2026-06-03 08:10:00,84.167,35910.55
2026-06-03 08:15:00,84.25,35984.850000000006
2026-06-03 08:20:00,84.333,36063.3
2026-06-03 08:25:00,84.417,36099.2
2026-06-03 08:30:00,84.5,36080.7
2026-06-03 08:35:00,84.583,36100.95
2026-06-03 08:40:00,84.667,36189.0
2026-06-03 08:45:00,84.75,36217.6
2026-06-03 08:50:00,84.833,36264.0
2026-06-03 08:55:00,84.917,36302.5
2026-06-03 09:00:00,85.0,36367.3
2026-06-03 09:05:00,85.083,36438.2
2026-06-03 09:10:00,85.167,36586.649999999994
2026-06-03 09:15:00,85.25,36556.6
2026-06-03 09:35:00,85.583,40000.0
2026-06-03 09:40:00,85.667,37133.4
2026-06-03 09:45:00,85.75,37128.8
2026-06-03 09:50:00,85.833,37175.0
2026-06-03 09:55:00,85.917,37242.35
2026-06-03 10:00:00,86.0,37219.75
2026-06-03 10:05:00,86.083,37256.7
2026-06-03 10:10:00,86.167,37327.8
2026-06-03 10:15:00,86.25,37333.350000000006
2026-06-03 10:20:00,86.333,37382.6
2026-06-03 10:25:00,86.417,37461.0
2026-06-03 10:30:00,86.5,37555.899999999994
2026-06-03 10:35:00,86.583,37629.2
2026-06-03 10:40:00,86.667,37754.6
2026-06-03 10:45:00,86.75,37798.9
2026-06-03 10:50:00,86.833,37976.15
2026-06-03 10:55:00,86.917,38059.0
2026-06-03 11:00:00,87.0,38107.3
2026-06-03 11:05:00,87.083,38251.6
2026-06-03 11:10:00,87.167,38334.1
2026-06-03 11:15:00,87.25,38391.7
2026-06-03 11:20:00,87.333,38484.05
2026-06-03 11:25:00,87.417,38498.350000000006
2026-06-03 11:30:00,87.5,38535.2
2026-06-03 11:35:00,87.583,38629.55
2026-06-03 11:40:00,87.667,38684.05
2026-06-03 11:45:00,87.75,38871.9
2026-06-03 11:50:00,87.833,38987.15
2026-06-03 11:55:00,87.917,39073.4
2026-06-03 12:00:00,88.0,39194.45
2026-06-03 12:05:00,88.083,39247.35
2026-06-03 12:10:00,88.167,39350.25
2026-06-03 12:15:00,88.25,39325.149999999994
2026-06-03 12:20:00,88.333,39322.8
2026-06-03 12:25:00,88.417,39357.5
2026-06-03 12:30:00,88.5,39359.05
2026-06-03 12:35:00,88.583,39474.3
2026-06-03 12:40:00,88.667,39485.45
2026-06-03 12:45:00,88.75,39507.0
2026-06-03 12:50:00,88.833,39503.2
2026-06-03 12:55:00,88.917,39465.5
2026-06-03 13:00:00,89.0,39428.5
2026-06-03 13:05:00,89.083,39444.0
2026-06-03 13:10:00,89.167,39447.45
2026-06-03 13:15:00,89.25,39436.4
2026-06-03 13:45:00,89.75,39657.399999999994
2026-06-03 13:50:00,89.833,39819.8
2026-06-03 13:55:00,89.917,39850.6
2026-06-03 14:00:00,90.0,39902.399999999994
2026-06-03 14:05:00,90.083,39927.2
2026-06-03 14:10:00,90.167,40000.0
2026-06-03 14:15:00,90.25,40000.0
2026-06-03 14:20:00,90.333,40000.0
2026-06-03 14:25:00,90.417,40000.0
2026-06-03 14:30:00,90.5,40000.0
2026-06-03 14:35:00,90.583,40000.0
2026-06-03 14:40:00,90.667,40000.0
2026-06-03 14:45:00,90.75,40000.0
2026-06-03 14:50:00,90.833,40000.0
2026-06-03 14:55:00,90.917,40000.0
2026-06-03 15:00:00,91.0,40000.0
2026-06-03 15:05:00,91.083,40000.0
2026-06-03 15:10:00,91.167,40000.0
2026-06-03 15:15:00,91.25,40000.0
2026-06-03 15:20:00,91.333,40000.0
2026-06-03 15:25:00,91.417,40000.0
2026-06-03 15:30:00,91.5,40000.0
2026-06-03 15:35:00,91.583,40000.0
2026-06-03 15:40:00,91.667,40000.0
2026-06-03 15:45:00,91.75,40000.0
2026-06-03 15:50:00,91.833,40000.0
2026-06-03 15:55:00,91.917,40000.0
2026-06-03 16:00:00,92.0,40000.0
2026-06-03 16:05:00,92.083,40000.0
2026-06-03 16:10:00,92.167,40000.0
2026-06-03 16:15:00,92.25,40000.0
2026-06-03 16:20:00,92.333,40000.0
2026-06-03 16:25:00,92.417,40000.0
2026-06-03 16:30:00,92.5,40000.0
2026-06-03 16:35:00,92.583,40000.0
2026-06-03 16:40:00,92.667,40000.0
2026-06-03 16:45:00,92.75,40000.0
2026-06-03 16:50:00,92.833,40000.0
2026-06-03 16:55:00,92.917,40000.0
2026-06-03 17:00:00,93.0,40000.0
2026-06-03 17:05:00,93.083,40000.0
2026-06-03 17:10:00,93.167,40000.0
2026-06-03 17:15:00,93.25,40000.0
2026-06-03 17:20:00,93.333,40000.0
2026-06-03 17:25:00,93.417,40000.0
2026-06-03 17:30:00,93.5,40000.0
2026-06-03 17:35:00,93.583,40000.0
2026-06-03 17:40:00,93.667,40000.0
2026-06-03 17:45:00,93.75,40000.0
2026-06-03 17:50:00,93.833,40000.0
2026-06-03 17:55:00,93.917,40000.0
2026-06-03 18:00:00,94.0,40000.0
2026-06-03 18:05:00,94.083,40000.0
2026-06-03 18:10:00,94.167,40000.0
2026-06-03 18:15:00,94.25,40000.0
2026-06-03 18:20:00,94.333,40000.0
2026-06-03 18:25:00,94.417,40000.0
2026-06-03 18:30:00,94.5,40000.0
2026-06-03 18:35:00,94.583,40000.0
2026-06-03 18:40:00,94.667,40000.0
2026-06-03 18:45:00,94.75,40000.0
2026-06-03 18:50:00,94.833,40000.0
2026-06-03 18:55:00,94.917,40000.0
2026-06-03 19:00:00,95.0,40000.0
2026-06-03 19:05:00,95.083,40000.0
2026-06-03 19:10:00,95.167,40000.0
2026-06-03 19:15:00,95.25,40000.0
2026-06-03 19:20:00,95.333,40000.0
2026-06-03 19:25:00,95.417,40000.0
2026-06-03 19:30:00,95.5,40000.0
2026-06-03 19:35:00,95.583,40000.0
2026-06-03 19:40:00,95.667,40000.0
2026-06-03 19:45:00,95.75,40000.0
2026-06-03 19:50:00,95.833,40000.0
2026-06-03 19:55:00,95.917,40000.0
2026-06-03 20:00:00,96.0,40000.0
2026-06-03 20:05:00,96.083,40000.0
2026-06-03 20:10:00,96.167,40000.0
2026-06-03 20:15:00,96.25,40000.0
2026-06-03 20:20:00,96.333,40000.0
2026-06-03 20:25:00,96.417,40000.0
2026-06-03 20:30:00,96.5,40000.0
2026-06-03 20:35:00,96.583,40000.0
2026-06-03 20:40:00,96.667,40000.0
2026-06-03 20:45:00,96.75,40000.0
2026-06-03 20:50:00,96.833,40000.0
2026-06-03 20:55:00,96.917,40000.0
2026-06-03 21:00:00,97.0,40000.0
2026-06-03 21:05:00,97.083,40000.0
2026-06-03 21:10:00,97.167,40000.0
2026-06-03 21:15:00,97.25,40000.0
2026-06-03 21:20:00,97.333,40000.0
2026-06-03 21:25:00,97.417,40000.0
2026-06-03 21:30:00,97.5,40000.0
2026-06-03 21:35:00,97.583,40000.0
2026-06-03 21:40:00,97.667,40000.0
2026-06-03 21:45:00,97.75,40000.0
2026-06-03 21:50:00,97.833,40000.0
2026-06-03 21:55:00,97.917,40000.0
2026-06-03 22:00:00,98.0,40000.0
2026-06-03 22:05:00,98.083,40000.0
2026-06-03 22:10:00,98.167,40000.0
2026-06-03 22:15:00,98.25,40000.0
2026-06-03 22:20:00,98.333,40000.0
2026-06-03 22:25:00,98.417,40000.0
2026-06-03 22:30:00,98.5,40000.0
2026-06-03 22:35:00,98.583,40000.0
2026-06-03 22:40:00,98.667,40000.0
2026-06-03 22:45:00,98.75,40000.0
2026-06-03 22:50:00,98.833,40000.0
2026-06-03 22:55:00,98.917,40000.0
2026-06-03 23:00:00,99.0,40000.0
2026-06-03 23:05:00,99.083,40000.0
2026-06-03 23:10:00,99.167,40000.0
2026-06-03 23:15:00,99.25,40000.0
2026-06-03 23:20:00,99.333,40000.0
2026-06-03 23:25:00,99.417,40000.0
2026-06-03 23:30:00,99.5,40000.0
2026-06-03 23:35:00,99.583,40000.0
2026-06-03 23:40:00,99.667,40000.0
2026-06-03 23:45:00,99.75,40000.0
2026-06-03 23:50:00,99.833,40000.0
2026-06-03 23:55:00,99.917,40000.0
2026-06-04 00:00:00,100.0,40000.0
2026-06-04 00:05:00,100.083,40000.0
2026-06-04 00:10:00,100.167,40000.0
2026-06-04 00:15:00,100.25,40000.0
2026-06-04 00:20:00,100.333,40000.0
2026-06-04 00:25:00,100.417,40000.0
2026-06-04 00:30:00,100.5,40000.0
2026-06-04 00:35:00,100.583,40000.0
2026-06-04 00:40:00,100.667,40000.0
2026-06-04 00:45:00,100.75,40000.0
2026-06-04 00:50:00,100.833,40000.0
2026-06-04 00:55:00,100.917,40000.0
2026-06-04 01:00:00,101.0,40000.0
2026-06-04 01:05:00,101.083,40000.0
2026-06-04 01:10:00,101.167,40000.0
2026-06-04 01:15:00,101.25,40000.0
2026-06-04 01:20:00,101.333,40000.0
2026-06-04 01:25:00,101.417,40000.0
2026-06-04 01:30:00,101.5,40000.0
2026-06-04 01:35:00,101.583,40000.0
2026-06-04 01:40:00,101.667,40000.0
2026-06-04 01:45:00,101.75,40000.0
2026-06-04 01:50:00,101.833,40000.0
2026-06-04 01:55:00,101.917,40000.0
2026-06-04 02:00:00,102.0,40000.0
2026-06-04 02:05:00,102.083,40000.0
2026-06-04 02:10:00,102.167,40000.0
2026-06-04 02:15:00,102.25,40000.0
2026-06-04 02:20:00,102.333,40000.0
2026-06-04 02:25:00,102.417,40000.0
2026-06-04 02:30:00,102.5,40000.0
2026-06-04 02:35:00,102.583,40000.0
2026-06-04 02:40:00,102.667,40000.0
2026-06-04 02:45:00,102.75,40000.0
2026-06-04 02:50:00,102.833,40000.0
2026-06-04 02:55:00,102.917,40000.0
2026-06-04 03:00:00,103.0,40000.0
2026-06-04 03:05:00,103.083,40000.0
2026-06-04 03:10:00,103.167,40000.0
2026-06-04 03:15:00,103.25,40000.0
2026-06-04 03:20:00,103.333,40000.0
2026-06-04 03:25:00,103.417,40000.0
2026-06-04 03:30:00,103.5,40000.0
2026-06-04 03:35:00,103.583,40000.0
2026-06-04 03:40:00,103.667,40000.0
2026-06-04 03:45:00,103.75,40000.0
2026-06-04 03:50:00,103.833,40000.0
2026-06-04 03:55:00,103.917,40000.0
2026-06-04 04:00:00,104.0,40000.0
2026-06-04 04:05:00,104.083,40000.0
2026-06-04 04:10:00,104.167,40000.0
2026-06-04 04:15:00,104.25,40000.0
2026-06-04 04:20:00,104.333,40000.0
2026-06-04 04:25:00,104.417,40000.0
2026-06-04 04:30:00,104.5,40000.0
2026-06-04 04:35:00,104.583,40000.0
2026-06-04 04:40:00,104.667,40000.0
2026-06-04 04:45:00,104.75,40000.0
2026-06-04 04:50:00,104.833,40000.0
2026-06-04 04:55:00,104.917,40000.0
2026-06-04 05:00:00,105.0,40000.0
2026-06-04 05:05:00,105.083,40000.0
2026-06-04 05:10:00,105.167,40000.0
2026-06-04 05:15:00,105.25,40000.0
2026-06-04 05:20:00,105.333,40000.0
2026-06-04 05:25:00,105.417,40000.0
2026-06-04 05:30:00,105.5,40000.0
2026-06-04 05:35:00,105.583,40000.0
2026-06-04 05:40:00,105.667,40000.0
2026-06-04 05:45:00,105.75,40000.0
2026-06-04 05:50:00,105.833,40000.0
2026-06-04 05:55:00,105.917,40000.0
2026-06-04 06:00:00,106.0,40000.0
2026-06-04 06:05:00,106.083,40000.0
2026-06-04 06:10:00,106.167,40000.0
2026-06-04 06:15:00,106.25,40000.0
2026-06-04 06:20:00,106.333,40000.0
2026-06-04 06:25:00,106.417,40000.0
2026-06-04 06:30:00,106.5,40000.0
2026-06-04 06:35:00,106.583,40000.0
2026-06-04 06:40:00,106.667,40000.0
2026-06-04 06:45:00,106.75,40000.0
2026-06-04 06:50:00,106.833,40000.0
2026-06-04 06:55:00,106.917,40000.0
2026-06-04 07:00:00,107.0,40000.0
2026-06-04 07:05:00,107.083,40000.0
2026-06-04 07:10:00,107.167,40000.0
2026-06-04 07:15:00,107.25,40000.0
2026-06-04 07:20:00,107.333,40000.0
2026-06-04 07:25:00,107.417,40000.0
2026-06-04 07:30:00,107.5,40000.0
2026-06-04 07:35:00,107.583,40000.0
2026-06-04 07:40:00,107.667,40000.0
2026-06-04 07:45:00,107.75,40000.0
2026-06-04 07:50:00,107.833,40000.0
2026-06-04 07:55:00,107.917,40000.0
2026-06-04 08:00:00,108.0,40000.0
2026-06-04 08:05:00,108.083,40000.0
2026-06-04 08:10:00,108.167,40000.0
2026-06-04 08:15:00,108.25,40000.0
2026-06-04 08:20:00,108.333,40000.0
2026-06-04 08:25:00,108.417,40000.0
2026-06-04 08:30:00,108.5,40000.0
2026-06-04 08:35:00,108.583,40000.0
2026-06-04 08:40:00,108.667,40000.0
2026-06-04 08:45:00,108.75,40000.0
2026-06-04 08:50:00,108.833,40000.0
2026-06-04 08:55:00,108.917,40000.0
2026-06-04 09:00:00,109.0,40000.0
2026-06-04 09:05:00,109.083,40000.0
2026-06-04 09:10:00,109.167,40000.0
2026-06-04 09:15:00,109.25,40000.0
2026-06-04 09:20:00,109.333,40000.0
2026-06-04 09:25:00,109.417,40000.0
2026-06-04 09:30:00,109.5,40000.0
2026-06-04 09:35:00,109.583,40000.0
2026-06-04 09:40:00,109.667,40000.0
2026-06-04 09:45:00,109.75,40000.0
2026-06-04 09:50:00,109.833,40000.0
2026-06-04 09:55:00,109.917,40000.0
2026-06-04 10:00:00,110.0,40000.0
2026-06-04 10:05:00,110.083,40000.0
2026-06-04 10:10:00,110.167,40000.0
2026-06-04 10:15:00,110.25,40000.0
2026-06-04 10:20:00,110.333,40000.0
2026-06-04 10:25:00,110.417,40000.0
2026-06-04 10:30:00,110.5,40000.0
2026-06-04 10:35:00,110.583,40000.0
2026-06-04 10:40:00,110.667,40000.0
2026-06-04 10:45:00,110.75,40000.0
2026-06-04 10:50:00,110.833,40000.0
2026-06-04 10:55:00,110.917,40000.0
2026-06-04 11:00:00,111.0,40000.0
2026-06-04 11:05:00,111.083,40000.0
2026-06-04 11:10:00,111.167,40000.0
2026-06-04 11:15:00,111.25,40000.0
2026-06-04 11:20:00,111.333,40000.0
2026-06-04 11:25:00,111.417,40000.0
2026-06-04 11:30:00,111.5,40000.0
2026-06-04 11:35:00,111.583,40000.0
2026-06-04 11:40:00,111.667,40000.0
2026-06-04 11:45:00,111.75,40000.0
2026-06-04 11:50:00,111.833,40000.0
2026-06-04 11:55:00,111.917,40000.0
2026-06-04 12:00:00,112.0,40000.0
2026-06-04 12:05:00,112.083,40000.0
2026-06-04 12:10:00,112.167,40000.0
2026-06-04 12:15:00,112.25,40000.0
2026-06-04 12:20:00,112.333,40000.0
2026-06-04 12:25:00,112.417,40000.0
2026-06-04 12:30:00,112.5,40000.0
2026-06-04 12:35:00,112.583,40000.0
2026-06-04 12:40:00,112.667,40000.0
2026-06-04 12:45:00,112.75,40000.0
2026-06-04 12:50:00,112.833,40000.0
2026-06-04 12:55:00,112.917,40000.0
2026-06-04 13:00:00,113.0,40000.0
2026-06-04 13:05:00,113.083,40000.0
2026-06-04 13:10:00,113.167,40000.0
2026-06-04 13:15:00,113.25,40000.0
2026-06-04 13:20:00,113.333,40000.0
2026-06-04 13:25:00,113.417,40000.0
2026-06-04 13:30:00,113.5,40000.0
2026-06-04 13:35:00,113.583,40000.0
2026-06-04 13:40:00,113.667,40000.0
2026-06-04 13:45:00,113.75,40000.0
2026-06-04 13:50:00,113.833,40000.0
2026-06-04 13:55:00,113.917,40000.0
2026-06-04 14:00:00,114.0,40000.0
2026-06-04 14:05:00,114.083,40000.0
2026-06-04 14:10:00,114.167,40000.0
2026-06-04 14:15:00,114.25,40000.0
2026-06-04 14:20:00,114.333,40000.0
2026-06-04 14:25:00,114.417,40000.0
2026-06-04 14:30:00,114.5,40000.0
2026-06-04 14:35:00,114.583,40000.0
2026-06-04 14:40:00,114.667,40000.0
2026-06-04 14:45:00,114.75,40000.0
2026-06-04 14:50:00,114.833,40000.0
2026-06-04 14:55:00,114.917,40000.0
2026-06-04 15:00:00,115.0,40000.0
2026-06-04 15:05:00,115.083,40000.0
2026-06-04 15:10:00,115.167,40000.0
2026-06-04 15:15:00,115.25,40000.0
2026-06-04 15:20:00,115.333,40000.0
2026-06-04 15:25:00,115.417,40000.0
2026-06-04 15:30:00,115.5,40000.0
2026-06-04 15:35:00,115.583,40000.0
2026-06-04 15:40:00,115.667,40000.0
2026-06-04 15:45:00,115.75,40000.0
2026-06-04 15:50:00,115.833,40000.0
2026-06-04 15:55:00,115.917,40000.0
2026-06-04 16:00:00,116.0,40000.0
2026-06-04 16:05:00,116.083,40000.0
2026-06-04 16:10:00,116.167,40000.0
2026-06-04 16:15:00,116.25,40000.0
2026-06-04 16:20:00,116.333,40000.0
2026-06-04 16:25:00,116.417,40000.0
2026-06-04 16:30:00,116.5,40000.0
2026-06-04 16:35:00,116.583,40000.0
2026-06-04 16:40:00,116.667,40000.0
2026-06-04 16:45:00,116.75,40000.0
2026-06-04 16:50:00,116.833,40000.0
2026-06-04 16:55:00,116.917,40000.0
2026-06-04 17:00:00,117.0,40000.0
2026-06-04 17:05:00,117.083,40000.0
2026-06-04 17:10:00,117.167,40000.0
2026-06-04 17:15:00,117.25,40000.0
2026-06-04 17:20:00,117.333,40000.0
2026-06-04 17:25:00,117.417,40000.0
2026-06-04 17:30:00,117.5,40000.0
2026-06-04 17:35:00,117.583,40000.0
2026-06-04 17:40:00,117.667,40000.0
2026-06-04 17:45:00,117.75,40000.0
2026-06-04 17:50:00,117.833,40000.0
2026-06-04 17:55:00,117.917,40000.0
2026-06-04 18:00:00,118.0,40000.0
2026-06-04 18:05:00,118.083,40000.0
2026-06-04 18:10:00,118.167,40000.0
2026-06-04 18:15:00,118.25,40000.0
2026-06-04 18:20:00,118.333,40000.0
2026-06-04 18:25:00,118.417,40000.0
2026-06-04 18:30:00,118.5,40000.0
2026-06-04 18:35:00,118.583,40000.0
2026-06-04 18:40:00,118.667,40000.0
2026-06-04 18:45:00,118.75,40000.0
2026-06-04 18:50:00,118.833,40000.0
2026-06-04 18:55:00,118.917,40000.0
2026-06-04 19:00:00,119.0,40000.0
2026-06-04 19:05:00,119.083,40000.0
2026-06-04 19:10:00,119.167,40000.0
2026-06-04 19:15:00,119.25,40000.0
2026-06-04 19:20:00,119.333,40000.0
2026-06-04 19:25:00,119.417,40000.0
2026-06-04 19:30:00,119.5,40000.0
2026-06-04 19:35:00,119.583,40000.0
2026-06-04 19:40:00,119.667,40000.0
2026-06-04 19:45:00,119.75,40000.0
2026-06-04 19:50:00,119.833,40000.0
2026-06-04 19:55:00,119.917,40000.0
2026-06-04 20:00:00,120.0,40000.0
2026-06-04 20:05:00,120.083,40000.0
2026-06-04 20:10:00,120.167,40000.0
2026-06-04 20:15:00,120.25,40000.0
2026-06-04 20:20:00,120.333,40000.0
2026-06-04 20:25:00,120.417,40000.0
2026-06-04 20:30:00,120.5,40000.0
2026-06-04 20:35:00,120.583,40000.0
2026-06-04 20:40:00,120.667,40000.0
2026-06-04 20:45:00,120.75,40000.0
2026-06-04 20:50:00,120.833,40000.0
2026-06-04 20:55:00,120.917,40000.0
2026-06-04 21:00:00,121.0,40000.0
2026-06-04 21:05:00,121.083,40000.0
2026-06-04 21:10:00,121.167,40000.0
2026-06-04 21:15:00,121.25,40000.0
2026-06-04 21:20:00,121.333,40000.0
2026-06-04 21:25:00,121.417,40000.0
2026-06-04 21:30:00,121.5,40000.0
2026-06-04 21:35:00,121.583,40000.0
2026-06-04 21:40:00,121.667,40000.0
2026-06-04 21:45:00,121.75,40000.0
2026-06-04 21:50:00,121.833,40000.0
2026-06-04 21:55:00,121.917,40000.0
2026-06-04 22:00:00,122.0,40000.0
2026-06-04 22:05:00,122.083,40000.0
2026-06-04 22:10:00,122.167,40000.0
2026-06-04 22:15:00,122.25,40000.0
2026-06-04 22:20:00,122.333,40000.0
2026-06-04 22:25:00,122.417,40000.0
2026-06-04 22:30:00,122.5,40000.0
2026-06-04 22:35:00,122.583,40000.0
2026-06-04 22:40:00,122.667,40000.0
2026-06-04 22:45:00,122.75,40000.0
2026-06-04 22:50:00,122.833,40000.0
2026-06-04 22:55:00,122.917,40000.0
2026-06-04 23:00:00,123.0,40000.0
2026-06-04 23:05:00,123.083,40000.0
2026-06-04 23:10:00,123.167,40000.0
2026-06-04 23:15:00,123.25,40000.0
2026-06-04 23:20:00,123.333,40000.0
2026-06-04 23:25:00,123.417,40000.0
2026-06-04 23:30:00,123.5,40000.0
2026-06-04 23:35:00,123.583,40000.0
2026-06-04 23:40:00,123.667,40000.0
2026-06-04 23:45:00,123.75,40000.0
2026-06-04 23:50:00,123.833,37323.95
2026-06-04 23:55:00,123.917,32820.4
2026-06-05 00:00:00,124.0,30235.3
2026-06-05 00:05:00,124.083,28853.85
2026-06-05 00:10:00,124.167,28183.9
2026-06-05 00:15:00,124.25,27838.6
2026-06-05 00:20:00,124.333,27698.3
2026-06-05 00:25:00,124.417,27547.0
2026-06-05 00:30:00,124.5,27529.3
2026-06-05 00:35:00,124.583,27516.1
2026-06-05 00:40:00,124.667,27616.35
2026-06-05 00:45:00,124.75,27611.35
2026-06-05 00:50:00,124.833,27610.4
2026-06-05 00:55:00,124.917,27664.6
2026-06-05 01:00:00,125.0,27697.550000000003
2026-06-05 01:05:00,125.083,27773.3
2026-06-05 01:10:00,125.167,27793.6
2026-06-05 01:15:00,125.25,27853.1
2026-06-05 01:20:00,125.333,27953.6
2026-06-05 01:25:00,125.417,28033.65
2026-06-05 01:30:00,125.5,28110.4
2026-06-05 01:35:00,125.583,28140.050000000003
2026-06-05 01:40:00,125.667,28108.449999999997
2026-06-05 01:45:00,125.75,28178.3
2026-06-05 01:50:00,125.833,28166.5
2026-06-05 01:55:00,125.917,28278.5
2026-06-05 02:00:00,126.0,28305.6
2026-06-05 02:05:00,126.083,28391.6
2026-06-05 02:10:00,126.167,28456.35
2026-06-05 02:15:00,126.25,28487.0
2026-06-05 02:20:00,126.333,28577.4
2026-06-05 02:25:00,126.417,28592.7
2026-06-05 02:30:00,126.5,28647.800000000003
2026-06-05 02:35:00,126.583,28693.7
2026-06-05 02:40:00,126.667,28793.75
2026-06-05 02:45:00,126.75,28823.35
2026-06-05 02:50:00,126.833,28868.5
2026-06-05 02:55:00,126.917,28912.0
2026-06-05 03:00:00,127.0,28989.85
2026-06-05 03:05:00,127.083,29050.1
2026-06-05 03:10:00,127.167,29093.9
2026-06-05 03:15:00,127.25,29143.8
2026-06-05 03:20:00,127.333,29245.1
2026-06-05 03:25:00,127.417,29280.0
2026-06-05 03:30:00,127.5,29348.4
2026-06-05 03:35:00,127.583,29445.8
2026-06-05 03:40:00,127.667,29513.15
2026-06-05 03:45:00,127.75,29598.9
2026-06-05 03:50:00,127.833,29694.25
2026-06-05 03:55:00,127.917,29702.8
2026-06-05 04:00:00,128.0,29767.7
2026-06-05 04:05:00,128.083,29835.1
2026-06-05 04:10:00,128.167,29914.25
2026-06-05 04:15:00,128.25,29973.1
2026-06-05 04:20:00,128.333,29988.7
2026-06-05 04:25:00,128.417,30090.7
2026-06-05 04:30:00,128.5,30165.5
2026-06-05 04:35:00,128.583,30190.8
2026-06-05 04:40:00,128.667,30326.8
2026-06-05 04:45:00,128.75,30355.7
2026-06-05 04:50:00,128.833,30393.35
2026-06-05 04:55:00,128.917,30467.1
2026-06-05 05:00:00,129.0,30497.0
2026-06-05 05:05:00,129.083,30626.6
2026-06-05 05:10:00,129.167,30693.6
2026-06-05 05:15:00,129.25,30759.9
2026-06-05 05:20:00,129.333,30885.800000000003
2026-06-05 05:25:00,129.417,30938.1
2026-06-05 05:30:00,129.5,31038.75
2026-06-05 05:35:00,129.583,31098.4
2026-06-05 05:40:00,129.667,31194.6
2026-06-05 05:45:00,129.75,31197.6
2026-06-05 05:50:00,129.833,31255.2
2026-06-05 05:55:00,129.917,31289.8
2026-06-05 06:00:00,130.0,31385.95
2026-06-05 06:05:00,130.083,31460.9
2026-06-05 06:10:00,130.167,31485.0
2026-06-05 06:15:00,130.25,31623.0
2026-06-05 06:20:00,130.333,31627.8
2026-06-05 06:25:00,130.417,31776.1
2026-06-05 06:30:00,130.5,31802.4
2026-06-05 06:35:00,130.583,31837.75
2026-06-05 06:40:00,130.667,31887.2
2026-06-05 06:45:00,130.75,31935.3
2026-06-05 06:50:00,130.833,31971.9
2026-06-05 06:55:00,130.917,31988.0
2026-06-05 07:00:00,131.0,32121.3
2026-06-05 07:05:00,131.083,32164.0
2026-06-05 07:10:00,131.167,32306.8
2026-06-05 07:15:00,131.25,32361.15
2026-06-05 07:20:00,131.333,32410.4
2026-06-05 07:25:00,131.417,32414.9
2026-06-05 07:30:00,131.5,32507.7
2026-06-05 07:35:00,131.583,32535.2
2026-06-05 07:40:00,131.667,32619.6
2026-06-05 07:45:00,131.75,32680.9
2026-06-05 07:50:00,131.833,32771.7
2026-06-05 07:55:00,131.917,32816.5
2026-06-05 08:00:00,132.0,32862.55
2026-06-05 08:05:00,132.083,32944.6
2026-06-05 08:10:00,132.167,33126.4
2026-06-05 08:15:00,132.25,33160.05
2026-06-05 08:20:00,132.333,33259.9
2026-06-05 08:25:00,132.417,33356.2
2026-06-05 08:30:00,132.5,33396.0
2026-06-05 08:35:00,132.583,33463.7
2026-06-05 08:40:00,132.667,33636.4
2026-06-05 08:45:00,132.75,33731.4
2026-06-05 08:50:00,132.833,33785.1
2026-06-05 08:55:00,132.917,33853.1
2026-06-05 09:00:00,133.0,33967.350000000006
2026-06-05 09:05:00,133.083,34063.8
2026-06-05 09:10:00,133.167,34225.4
2026-06-05 09:15:00,133.25,34286.3
2026-06-05 09:20:00,133.333,34373.8
2026-06-05 09:25:00,133.417,34426.1
2026-06-05 09:30:00,133.5,34545.0
2026-06-05 09:35:00,133.583,34608.2
2026-06-05 09:40:00,133.667,34681.600000000006
2026-06-05 09:45:00,133.75,34714.7
2026-06-05 09:50:00,133.833,34853.6
2026-06-05 09:55:00,133.917,34917.5
2026-06-05 10:00:00,134.0,35028.9
2026-06-05 10:05:00,134.083,35122.1
2026-06-05 10:10:00,134.167,35252.5
2026-06-05 10:15:00,134.25,35315.2
2026-06-05 10:20:00,134.333,35457.8
2026-06-05 10:25:00,134.417,35611.9
2026-06-05 10:30:00,134.5,35684.15
2026-06-05 10:35:00,134.583,35842.4
2026-06-05 10:40:00,134.667,35929.350000000006
2026-06-05 10:45:00,134.75,36027.3
2026-06-05 10:50:00,134.833,36103.8
2026-06-05 10:55:00,134.917,36198.9
2026-06-05 11:00:00,135.0,36401.3
2026-06-05 11:05:00,135.083,36455.7
2026-06-05 11:10:00,135.167,36587.149999999994
2026-06-05 11:15:00,135.25,36690.5
2026-06-05 11:20:00,135.333,36843.3
2026-06-05 11:25:00,135.417,37054.0
2026-06-05 11:30:00,135.5,37217.5
2026-06-05 11:35:00,135.583,37327.5
2026-06-05 11:40:00,135.667,37398.45
2026-06-05 11:45:00,135.75,37543.4
2026-06-05 11:50:00,135.833,37653.8
2026-06-05 11:55:00,135.917,37758.4
2026-06-05 12:00:00,136.0,37882.3
2026-06-05 12:05:00,136.083,37968.7
2026-06-05 12:10:00,136.167,38017.6
2026-06-05 12:15:00,136.25,38176.4
2026-06-05 12:20:00,136.333,38380.65
2026-06-05 12:25:00,136.417,38406.600000000006
2026-06-05 12:30:00,136.5,38669.5
2026-06-05 12:35:00,136.583,38795.2
2026-06-05 12:40:00,136.667,38993.8
2026-06-05 12:45:00,136.75,39116.149999999994
2026-06-05 12:50:00,136.833,39245.9
2026-06-05 12:55:00,136.917,39308.1
2026-06-05 13:00:00,137.0,39461.6
2026-06-05 13:05:00,137.083,39484.649999999994
2026-06-05 13:10:00,137.167,39456.6
2026-06-05 13:15:00,137.25,39505.0
2026-06-05 13:20:00,137.333,39578.899999999994
2026-06-05 13:25:00,137.417,39660.7
2026-06-05 13:30:00,137.5,39738.1
2026-06-05 13:35:00,137.583,39855.7
2026-06-05 13:40:00,137.667,39898.55
2026-06-05 13:45:00,137.75,39956.95
2026-06-05 13:50:00,137.833,40000.0
2026-06-05 13:55:00,137.917,40000.0
2026-06-05 14:00:00,138.0,40000.0
2026-06-05 14:05:00,138.083,40000.0
2026-06-05 14:10:00,138.167,40000.0
2026-06-05 14:15:00,138.25,40000.0
2026-06-05 14:20:00,138.333,40000.0
2026-06-05 14:25:00,138.417,40000.0
2026-06-05 14:30:00,138.5,40000.0
2026-06-05 14:35:00,138.583,40000.0
2026-06-05 14:40:00,138.667,40000.0
2026-06-05 14:45:00,138.75,40000.0
2026-06-05 14:50:00,138.833,40000.0
2026-06-05 14:55:00,138.917,40000.0
2026-06-05 15:00:00,139.0,40000.0
2026-06-05 15:05:00,139.083,40000.0
2026-06-05 15:10:00,139.167,40000.0
2026-06-05 15:15:00,139.25,40000.0
2026-06-05 15:20:00,139.333,40000.0
2026-06-05 15:25:00,139.417,40000.0
2026-06-05 15:30:00,139.5,40000.0
2026-06-05 15:35:00,139.583,40000.0
2026-06-05 15:40:00,139.667,40000.0
2026-06-05 15:45:00,139.75,40000.0
2026-06-05 15:50:00,139.833,40000.0
2026-06-05 15:55:00,139.917,40000.0
2026-06-05 16:00:00,140.0,40000.0
2026-06-05 16:05:00,140.083,40000.0
2026-06-05 16:10:00,140.167,40000.0
2026-06-05 16:15:00,140.25,40000.0
2026-06-05 16:20:00,140.333,40000.0
2026-06-05 16:25:00,140.417,40000.0
2026-06-05 16:30:00,140.5,40000.0
2026-06-05 16:35:00,140.583,40000.0
2026-06-05 16:40:00,140.667,40000.0
2026-06-05 16:45:00,140.75,40000.0
2026-06-05 16:50:00,140.833,40000.0
2026-06-05 16:55:00,140.917,40000.0
2026-06-05 17:00:00,141.0,40000.0
2026-06-05 17:05:00,141.083,40000.0
2026-06-05 17:10:00,141.167,40000.0
2026-06-05 17:15:00,141.25,40000.0
2026-06-05 17:20:00,141.333,40000.0
2026-06-05 17:30:00,141.5,12880.7
2026-06-05 17:35:00,141.583,7662.35
2026-06-05 17:40:00,141.667,5062.8
2026-06-05 17:45:00,141.75,3804.4
2026-06-05 17:50:00,141.833,3122.95
2026-06-05 17:55:00,141.917,2805.7
2026-06-05 18:00:00,142.0,2701.6000000000004
2026-06-05 18:05:00,142.083,2661.5
2026-06-05 18:10:00,142.167,2685.6
2026-06-05 18:15:00,142.25,2745.3
2026-06-05 18:20:00,142.333,2839.45
2026-06-05 18:25:00,142.417,2933.75
2026-06-05 18:30:00,142.5,3060.25
2026-06-05 18:35:00,142.583,3169.5
2026-06-05 18:40:00,142.667,3311.9
2026-06-05 18:45:00,142.75,3447.9
2026-06-05 18:50:00,142.833,3600.7
2026-06-05 18:55:00,142.917,3713.35
2026-06-05 19:00:00,143.0,3866.6
2026-06-05 19:05:00,143.083,4014.6
2026-06-05 19:10:00,143.167,4146.75
2026-06-05 19:15:00,143.25,4335.299999999999
2026-06-05 19:20:00,143.333,4470.75
2026-06-05 19:25:00,143.417,4594.1
2026-06-05 19:30:00,143.5,4711.2
2026-06-05 19:35:00,143.583,4872.8
2026-06-05 19:40:00,143.667,5045.65
2026-06-05 19:45:00,143.75,5157.5
2026-06-05 19:50:00,143.833,5304.2
2026-06-05 19:55:00,143.917,5461.15
2026-06-05 20:00:00,144.0,5588.4
2026-06-05 20:05:00,144.083,5745.85
2026-06-05 20:10:00,144.167,5831.4
2026-06-05 20:15:00,144.25,5986.299999999999
2026-06-05 20:20:00,144.333,6142.05
2026-06-05 20:25:00,144.417,6247.1
2026-06-05 20:30:00,144.5,6441.9
2026-06-05 20:35:00,144.583,6587.0
2026-06-05 20:40:00,144.667,6717.4
2026-06-05 20:45:00,144.75,6843.4
2026-06-05 20:50:00,144.833,6973.9
2026-06-05 20:55:00,144.917,7134.4
2026-06-05 21:00:00,145.0,7276.35
2026-06-05 21:05:00,145.083,7396.2
2026-06-05 21:10:00,145.167,7553.1
2026-06-05 21:15:00,145.25,7668.85
2026-06-05 21:20:00,145.333,7791.5
2026-06-05 21:25:00,145.417,7963.5
2026-06-05 21:30:00,145.5,8060.0
2026-06-05 21:35:00,145.583,8207.15
2026-06-05 21:40:00,145.667,8326.15
2026-06-05 21:45:00,145.75,8548.95
2026-06-05 21:50:00,145.833,8618.6
2026-06-05 21:55:00,145.917,8718.55
2026-06-05 22:00:00,146.0,8919.349999999999
2026-06-05 22:05:00,146.083,9005.2
2026-06-05 22:10:00,146.167,9122.150000000001
2026-06-05 22:15:00,146.25,9309.1
2026-06-05 22:20:00,146.333,9408.6
2026-06-05 22:25:00,146.417,9522.3
2026-06-05 22:30:00,146.5,9652.95
2026-06-05 22:35:00,146.583,9773.4
2026-06-05 22:40:00,146.667,9895.1
2026-06-05 22:45:00,146.75,10031.0
2026-06-05 22:50:00,146.833,10145.05
2026-06-05 22:55:00,146.917,10255.3
2026-06-05 23:00:00,147.0,10323.55
2026-06-05 23:05:00,147.083,10489.4
2026-06-05 23:10:00,147.167,10587.7
2026-06-05 23:15:00,147.25,10702.0
2026-06-05 23:20:00,147.333,10806.95
2026-06-05 23:25:00,147.417,10937.6
2026-06-05 23:30:00,147.5,11024.1
2026-06-05 23:35:00,147.583,11123.75
2026-06-05 23:40:00,147.667,11227.7
2026-06-05 23:45:00,147.75,11372.7
2026-06-05 23:50:00,147.833,11453.0
2026-06-05 23:55:00,147.917,11570.7
2026-06-06 00:00:00,148.0,11672.6
2026-06-06 00:05:00,148.083,11807.8
2026-06-06 00:10:00,148.167,11849.5
2026-06-06 00:15:00,148.25,11979.3
2026-06-06 00:20:00,148.333,12051.0
2026-06-06 00:25:00,148.417,12147.9
2026-06-06 00:30:00,148.5,12246.2
2026-06-06 00:35:00,148.583,12362.2
2026-06-06 00:40:00,148.667,12448.4
2026-06-06 00:45:00,148.75,12533.8
2026-06-06 00:50:00,148.833,12643.3
2026-06-06 00:55:00,148.917,12709.4
2026-06-06 01:00:00,149.0,12790.900000000001
2026-06-06 01:05:00,149.083,12918.05
2026-06-06 01:10:00,149.167,12959.6
2026-06-06 01:15:00,149.25,13027.0
2026-06-06 01:20:00,149.333,13204.45
2026-06-06 01:25:00,149.417,13242.9
2026-06-06 01:30:00,149.5,13287.6
2026-06-06 01:35:00,149.583,13378.55
2026-06-06 01:40:00,149.667,13452.45
2026-06-06 01:45:00,149.75,13553.55
2026-06-06 01:50:00,149.833,13577.400000000001
2026-06-06 01:55:00,149.917,13665.5
2026-06-06 02:00:00,150.0,13727.4
2026-06-06 02:05:00,150.083,13852.4
2026-06-06 02:10:00,150.167,13913.5
2026-06-06 02:15:00,150.25,13948.6
2026-06-06 02:20:00,150.333,14011.0
2026-06-06 02:25:00,150.417,14085.3
2026-06-06 02:30:00,150.5,14150.0
2026-06-06 02:35:00,150.583,14216.0
2026-06-06 02:40:00,150.667,14277.15
2026-06-06 02:45:00,150.75,14271.75
2026-06-06 02:50:00,150.833,14334.75
2026-06-06 02:55:00,150.917,14392.400000000001
2026-06-06 03:00:00,151.0,14423.4
2026-06-06 03:05:00,151.083,14468.8
2026-06-06 03:10:00,151.167,14479.15
2026-06-06 03:15:00,151.25,14505.25
2026-06-06 03:20:00,151.333,14540.15
2026-06-06 03:25:00,151.417,14594.0
2026-06-06 03:30:00,151.5,14592.4
2026-06-06 03:35:00,151.583,14685.599999999999
2026-06-06 03:40:00,151.667,14680.150000000001
2026-06-06 03:45:00,151.75,14723.3
2026-06-06 03:50:00,151.833,14774.0
2026-06-06 03:55:00,151.917,14790.0
2026-06-06 04:00:00,152.0,14827.900000000001
2026-06-06 04:05:00,152.083,14857.0
2026-06-06 04:10:00,152.167,14899.0
2026-06-06 04:15:00,152.25,14933.95
2026-06-06 04:20:00,152.333,14950.55
2026-06-06 04:25:00,152.417,14977.0
2026-06-06 04:30:00,152.5,14989.0
2026-06-06 04:35:00,152.583,15002.3
2026-06-06 04:40:00,152.667,15032.85
2026-06-06 04:45:00,152.75,15070.95
2026-06-06 04:50:00,152.833,15083.2
2026-06-06 04:55:00,152.917,15099.3
2026-06-06 05:00:00,153.0,15103.3
2026-06-06 05:05:00,153.083,15097.0
2026-06-06 05:10:00,153.167,15117.3
2026-06-06 05:15:00,153.25,15208.8
2026-06-06 05:20:00,153.333,15188.0
2026-06-06 05:25:00,153.417,15197.7
2026-06-06 05:30:00,153.5,15237.650000000001
2026-06-06 05:35:00,153.583,15272.7
2026-06-06 05:40:00,153.667,15285.7
2026-06-06 05:45:00,153.75,15281.1
2026-06-06 05:50:00,153.833,15283.2
2026-06-06 05:55:00,153.917,15328.05
2026-06-06 06:00:00,154.0,15338.6
2026-06-06 06:05:00,154.083,15355.7
2026-06-06 06:10:00,154.167,15366.25
2026-06-06 06:15:00,154.25,15340.9
2026-06-06 06:20:00,154.333,15379.75
2026-06-06 06:25:00,154.417,15377.099999999999
2026-06-06 06:30:00,154.5,15347.3
2026-06-06 06:35:00,154.583,15387.65
2026-06-06 06:40:00,154.667,15388.1
2026-06-06 06:45:00,154.75,15408.7
2026-06-06 06:50:00,154.833,15447.4
2026-06-06 06:55:00,154.917,15455.3
2026-06-06 07:00:00,155.0,15432.6
2026-06-06 07:05:00,155.083,15410.1
2026-06-06 07:10:00,155.167,15408.5
2026-06-06 07:15:00,155.25,15401.599999999999
2026-06-06 07:20:00,155.333,15382.0
2026-06-06 07:25:00,155.417,15341.5
2026-06-06 07:30:00,155.5,15286.35
2026-06-06 07:35:00,155.583,15221.6
2026-06-06 07:40:00,155.667,15203.0
2026-06-06 07:45:00,155.75,15195.95
2026-06-06 07:50:00,155.833,15133.3
2026-06-06 07:55:00,155.917,15106.85
2026-06-06 08:00:00,156.0,15101.9
2026-06-06 08:05:00,156.083,15071.9
2026-06-06 08:10:00,156.167,15041.5
2026-06-06 08:15:00,156.25,14994.650000000001
2026-06-06 08:20:00,156.333,14959.599999999999
2026-06-06 08:25:00,156.417,14935.900000000001
2026-06-06 08:30:00,156.5,14886.25
2026-06-06 08:35:00,156.583,14839.0
2026-06-06 08:40:00,156.667,14793.099999999999
2026-06-06 08:45:00,156.75,14739.8
2026-06-06 08:50:00,156.833,14676.35
2026-06-06 08:55:00,156.917,14646.349999999999
2026-06-06 09:00:00,157.0,14572.15
2026-06-06 09:05:00,157.083,14541.7
2026-06-06 09:10:00,157.167,14486.599999999999
2026-06-06 09:15:00,157.25,14409.0
2026-06-06 09:20:00,157.333,14410.5
2026-06-06 09:25:00,157.417,14399.0
2026-06-06 09:30:00,157.5,14389.4
2026-06-06 09:35:00,157.583,14366.8
2026-06-06 09:40:00,157.667,14370.3
2026-06-06 09:45:00,157.75,14352.6
2026-06-06 09:50:00,157.833,14345.8
2026-06-06 09:55:00,157.917,14323.55
2026-06-06 10:00:00,158.0,14343.4
2026-06-06 10:05:00,158.083,14349.1
2026-06-06 10:10:00,158.167,14344.849999999999
2026-06-06 10:15:00,158.25,14340.1
2026-06-06 10:20:00,158.333,14356.9
2026-06-06 10:25:00,158.417,14359.85
2026-06-06 10:30:00,158.5,14395.7
2026-06-06 10:35:00,158.583,14411.2
2026-06-06 10:40:00,158.667,14428.7
2026-06-06 10:45:00,158.75,14478.2
2026-06-06 10:50:00,158.833,14538.8
2026-06-06 10:55:00,158.917,14566.35
2026-06-06 11:00:00,159.0,14609.3
2026-06-06 11:05:00,159.083,14711.3
2026-06-06 11:10:00,159.167,14728.099999999999
2026-06-06 11:15:00,159.25,14762.95
2026-06-06 11:20:00,159.333,14834.7
2026-06-06 11:25:00,159.417,14919.8
2026-06-06 11:30:00,159.5,14943.8
2026-06-06 11:35:00,159.583,14981.8
2026-06-06 11:40:00,159.667,15031.0
2026-06-06 11:45:00,159.75,15099.55
2026-06-06 11:50:00,159.833,15140.45
2026-06-06 11:55:00,159.917,15183.1
2026-06-06 12:00:00,160.0,15287.5
2026-06-06 12:05:00,160.083,15341.25
2026-06-06 12:10:00,160.167,15383.1
2026-06-06 12:15:00,160.25,15431.3
2026-06-06 12:20:00,160.333,15497.75
2026-06-06 12:25:00,160.417,15607.7
2026-06-06 12:30:00,160.5,15678.0
2026-06-06 12:35:00,160.583,15726.5
2026-06-06 12:40:00,160.667,15759.7
2026-06-06 12:45:00,160.75,15844.7
2026-06-06 12:50:00,160.833,15910.8
2026-06-06 12:55:00,160.917,15914.95
2026-06-06 13:00:00,161.0,15960.75
2026-06-06 13:05:00,161.083,16041.9
2026-06-06 13:10:00,161.167,16094.9
2026-06-06 13:15:00,161.25,16152.4
2026-06-06 13:20:00,161.333,16172.05
2026-06-06 13:25:00,161.417,16281.95
2026-06-06 14:20:00,162.333,17883.449999999997
2026-06-06 14:25:00,162.417,16764.0
2026-06-06 14:30:00,162.5,16788.5
2026-06-06 14:35:00,162.583,16831.3
2026-06-06 14:40:00,162.667,16897.4
2026-06-06 14:45:00,162.75,16951.8
2026-06-06 14:50:00,162.833,17032.95
2026-06-06 14:55:00,162.917,17103.2
2026-06-06 15:00:00,163.0,17171.0
2026-06-06 15:05:00,163.083,17286.5
2026-06-06 15:10:00,163.167,17330.95
2026-06-06 15:15:00,163.25,17416.1
2026-06-06 15:20:00,163.333,17414.4
2026-06-06 15:25:00,163.417,17499.25
2026-06-06 15:30:00,163.5,17544.3
2026-06-06 15:35:00,163.583,17635.8
2026-06-06 15:40:00,163.667,17670.95
2026-06-06 15:45:00,163.75,17701.7
2026-06-06 15:50:00,163.833,17792.1
2026-06-06 15:55:00,163.917,17804.3
2026-06-06 16:00:00,164.0,17883.9
2026-06-06 16:05:00,164.083,17971.5
2026-06-06 16:10:00,164.167,18004.5
2026-06-06 16:15:00,164.25,18062.75
2026-06-06 16:20:00,164.333,18095.449999999997
2026-06-06 16:25:00,164.417,18158.4
2026-06-06 16:30:00,164.5,18296.55
2026-06-06 16:35:00,164.583,18307.5
2026-06-06 16:40:00,164.667,18385.75
2026-06-06 16:45:00,164.75,18435.9
2026-06-06 16:50:00,164.833,18469.7
2026-06-06 16:55:00,164.917,18568.5
2026-06-06 17:00:00,165.0,18616.1
2026-06-06 17:05:00,165.083,18721.5
2026-06-06 17:10:00,165.167,18772.4
2026-06-06 17:15:00,165.25,18800.6
2026-06-06 17:20:00,165.333,18826.6
2026-06-06 17:25:00,165.417,18859.15
2026-06-06 17:30:00,165.5,18873.65
2026-06-06 17:35:00,165.583,18896.1
2026-06-06 17:40:00,165.667,18933.15
2026-06-06 17:45:00,165.75,18958.550000000003
2026-06-06 17:50:00,165.833,19018.45
2026-06-06 17:55:00,165.917,19068.25
2026-06-06 18:00:00,166.0,19111.8
2026-06-06 18:05:00,166.083,19124.1
2026-06-06 18:10:00,166.167,19150.4
2026-06-06 18:15:00,166.25,19218.1
2026-06-06 18:20:00,166.333,19267.8
2026-06-06 18:25:00,166.417,19316.4
2026-06-06 18:30:00,166.5,19341.1
2026-06-06 18:35:00,166.583,19410.6
2026-06-06 18:40:00,166.667,19424.5
2026-06-06 18:45:00,166.75,19474.4
2026-06-06 18:50:00,166.833,19507.0
2026-06-06 18:55:00,166.917,19584.0
2026-06-06 19:00:00,167.0,19652.7
2026-06-06 19:05:00,167.083,19675.7
2026-06-06 19:10:00,167.167,19693.3
2026-06-06 19:15:00,167.25,19739.0
2026-06-06 19:20:00,167.333,19798.65
2026-06-06 19:25:00,167.417,19903.65
2026-06-06 19:30:00,167.5,19945.25
2026-06-06 19:35:00,167.583,19985.3
2026-06-06 19:40:00,167.667,20051.0
2026-06-06 19:45:00,167.75,20112.0
2026-06-06 19:50:00,167.833,20162.4
2026-06-06 19:55:00,167.917,20210.35
2026-06-06 20:00:00,168.0,20277.0
2026-06-06 20:05:00,168.083,20363.2
2026-06-06 20:10:00,168.167,20424.0
2026-06-06 20:15:00,168.25,20483.949999999997
2026-06-06 20:20:00,168.333,20584.75
2026-06-06 20:25:00,168.417,20692.9
2026-06-06 20:30:00,168.5,20796.199999999997
2026-06-06 20:35:00,168.583,20857.5
2026-06-06 20:40:00,168.667,20957.9
2026-06-06 20:45:00,168.75,21149.65
2026-06-06 20:50:00,168.833,21232.7
2026-06-06 20:55:00,168.917,21343.0
2026-06-06 21:00:00,169.0,21509.3
2026-06-06 21:05:00,169.083,21668.2
2026-06-06 21:10:00,169.167,21816.5
2026-06-06 21:15:00,169.25,21996.8
2026-06-06 21:20:00,169.333,22151.25
2026-06-06 21:25:00,169.417,22380.95
2026-06-06 21:30:00,169.5,22487.8
2026-06-06 21:35:00,169.583,22764.5
2026-06-06 21:40:00,169.667,22877.4
2026-06-06 21:45:00,169.75,23127.8
2026-06-06 21:50:00,169.833,23265.95
2026-06-06 21:55:00,169.917,23445.55
2026-06-06 22:00:00,170.0,23686.8
2026-06-06 22:05:00,170.083,23902.45
2026-06-06 22:10:00,170.167,24021.6
2026-06-06 22:15:00,170.25,24197.15
2026-06-06 22:20:00,170.333,24419.1
2026-06-06 22:25:00,170.417,24631.800000000003
2026-06-06 22:30:00,170.5,24717.15
2026-06-06 22:35:00,170.583,25003.0
2026-06-06 22:40:00,170.667,25208.9
2026-06-06 22:45:00,170.75,25352.2
2026-06-06 22:50:00,170.833,25518.4
2026-06-06 22:55:00,170.917,25813.9
2026-06-06 23:00:00,171.0,25921.5
2026-06-06 23:05:00,171.083,26103.7
2026-06-06 23:10:00,171.167,26385.15
2026-06-06 23:15:00,171.25,26516.0
2026-06-06 23:20:00,171.333,26721.2
2026-06-06 23:25:00,171.417,26916.3
2026-06-06 23:30:00,171.5,27071.2
2026-06-06 23:35:00,171.583,27193.7
2026-06-06 23:40:00,171.667,27444.8
2026-06-06 23:45:00,171.75,27566.2
2026-06-06 23:50:00,171.833,27816.199999999997
2026-06-06 23:55:00,171.917,27975.2
2026-06-07 00:00:00,172.0,28074.75
2026-06-07 00:05:00,172.083,28292.3
2026-06-07 00:10:00,172.167,28537.449999999997
2026-06-07 00:15:00,172.25,28693.4
2026-06-07 00:20:00,172.333,28863.449999999997
2026-06-07 00:25:00,172.417,29106.1
2026-06-07 00:30:00,172.5,29346.1
2026-06-07 00:35:00,172.583,29432.9
2026-06-07 00:40:00,172.667,29631.9
2026-06-07 00:45:00,172.75,29744.6
2026-06-07 00:50:00,172.833,29923.65
2026-06-07 00:55:00,172.917,30056.6
2026-06-07 01:00:00,173.0,30293.7
2026-06-07 01:05:00,173.083,29039.8
2026-06-07 01:10:00,173.167,24509.95
2026-06-07 01:15:00,173.25,22915.0
2026-06-07 01:20:00,173.333,21885.9
2026-06-07 01:25:00,173.417,21500.1
2026-06-07 01:30:00,173.5,21377.3
2026-06-07 01:35:00,173.583,21244.4
2026-06-07 01:40:00,173.667,21265.8
2026-06-07 01:45:00,173.75,21372.5
2026-06-07 01:50:00,173.833,21447.8
2026-06-07 01:55:00,173.917,21574.2
2026-06-07 02:00:00,174.0,21708.2
2026-06-07 02:05:00,174.083,21833.550000000003
2026-06-07 02:10:00,174.167,21883.8
2026-06-07 02:15:00,174.25,22056.2
2026-06-07 02:20:00,174.333,22142.3
2026-06-07 02:25:00,174.417,22262.3
2026-06-07 02:30:00,174.5,22404.8
2026-06-07 02:35:00,174.583,22462.7
2026-06-07 02:40:00,174.667,22569.2
2026-06-07 02:45:00,174.75,22693.7
2026-06-07 02:50:00,174.833,22753.1
2026-06-07 02:55:00,174.917,22875.2
2026-06-07 03:00:00,175.0,22990.75
2026-06-07 03:05:00,175.083,23069.85
2026-06-07 03:10:00,175.167,23231.3
2026-06-07 03:15:00,175.25,23297.95
2026-06-07 03:20:00,175.333,23386.95
2026-06-07 03:25:00,175.417,23533.4
2026-06-07 03:30:00,175.5,23607.55
2026-06-07 03:35:00,175.583,23690.6
2026-06-07 03:40:00,175.667,23818.05
2026-06-07 03:45:00,175.75,23980.65
2026-06-07 03:50:00,175.833,24006.4
2026-06-07 03:55:00,175.917,24164.1
2026-06-07 04:00:00,176.0,24197.9
2026-06-07 04:05:00,176.083,24257.800000000003
2026-06-07 04:10:00,176.167,24382.8
2026-06-07 04:15:00,176.25,24550.9
2026-06-07 04:20:00,176.333,24633.3
2026-06-07 04:25:00,176.417,24685.2
2026-06-07 04:30:00,176.5,24852.3
2026-06-07 04:35:00,176.583,24852.1
2026-06-07 04:40:00,176.667,24921.8
2026-06-07 04:45:00,176.75,25090.9
2026-06-07 04:50:00,176.833,25162.9
2026-06-07 04:55:00,176.917,25344.449999999997
2026-06-07 05:00:00,177.0,25406.3
2026-06-07 05:05:00,177.083,25530.1
2026-06-07 05:10:00,177.167,25636.5
2026-06-07 05:15:00,177.25,25698.35
2026-06-07 05:20:00,177.333,25787.25
2026-06-07 05:25:00,177.417,25837.4
2026-06-07 05:30:00,177.5,26014.3
2026-06-07 05:35:00,177.583,26077.7
2026-06-07 05:40:00,177.667,26273.15
2026-06-07 05:45:00,177.75,26385.0
2026-06-07 05:50:00,177.833,26468.4
2026-06-07 05:55:00,177.917,26589.7
2026-06-07 06:00:00,178.0,26692.300000000003
2026-06-07 06:05:00,178.083,26804.1
2026-06-07 06:10:00,178.167,26926.8
2026-06-07 06:15:00,178.25,27016.55
2026-06-07 06:20:00,178.333,27166.1
2026-06-07 06:25:00,178.417,27235.5
2026-06-07 06:30:00,178.5,27339.45
2026-06-07 06:35:00,178.583,27487.3
2026-06-07 06:40:00,178.667,27636.7
2026-06-07 06:45:00,178.75,27734.050000000003
2026-06-07 06:50:00,178.833,27848.1
2026-06-07 06:55:00,178.917,28006.65
2026-06-07 07:00:00,179.0,28043.6
2026-06-07 07:05:00,179.083,28131.55
2026-06-07 07:10:00,179.167,28204.4
2026-06-07 07:15:00,179.25,28280.1
2026-06-07 07:20:00,179.333,28412.6
2026-06-07 07:25:00,179.417,28459.6
2026-06-07 07:30:00,179.5,28570.6
2026-06-07 07:35:00,179.583,28651.7
2026-06-07 07:40:00,179.667,28745.4
2026-06-07 07:45:00,179.75,28744.4
2026-06-07 07:50:00,179.833,28862.6
2026-06-07 07:55:00,179.917,28880.0
2026-06-07 08:00:00,180.0,29030.6
2026-06-07 08:05:00,180.083,29118.8
2026-06-07 08:10:00,180.167,29152.9
2026-06-07 08:15:00,180.25,29199.300000000003
2026-06-07 08:20:00,180.333,29241.15
2026-06-07 08:25:00,180.417,29327.8
2026-06-07 08:30:00,180.5,29580.9
2026-06-07 08:35:00,180.583,29682.9
2026-06-07 08:40:00,180.667,29765.1
2026-06-07 08:45:00,180.75,29880.5
2026-06-07 08:50:00,180.833,30029.2
2026-06-07 08:55:00,180.917,30150.3
2026-06-07 09:00:00,181.0,30288.35
2026-06-07 09:05:00,181.083,30426.9
2026-06-07 09:10:00,181.167,30592.2
2026-06-07 09:15:00,181.25,30715.1
2026-06-07 09:20:00,181.333,30810.1
2026-06-07 09:25:00,181.417,31005.550000000003
2026-06-07 09:30:00,181.5,31150.8
2026-06-07 09:35:00,181.583,31332.0
2026-06-07 09:40:00,181.667,31475.7
2026-06-07 09:45:00,181.75,31584.65
2026-06-07 09:50:00,181.833,31709.2
2026-06-07 09:55:00,181.917,31770.5
2026-06-07 10:00:00,182.0,31878.5
2026-06-07 10:05:00,182.083,31993.0
2026-06-07 10:10:00,182.167,32085.9
2026-06-07 10:15:00,182.25,32149.15
2026-06-07 10:20:00,182.333,32268.45
2026-06-07 10:25:00,182.417,32375.25
2026-06-07 10:30:00,182.5,32566.45
2026-06-07 10:35:00,182.583,32672.0
2026-06-07 10:40:00,182.667,32773.600000000006
2026-06-07 10:45:00,182.75,32760.1
2026-06-07 10:50:00,182.833,32798.85
2026-06-07 10:55:00,182.917,32760.6
2026-06-07 11:00:00,183.0,32785.2
2026-06-07 11:05:00,183.083,32883.899999999994
2026-06-07 11:10:00,183.167,33070.3
2026-06-07 11:15:00,183.25,33224.25
2026-06-07 11:20:00,183.333,33363.95
2026-06-07 11:25:00,183.417,33490.7
2026-06-07 11:30:00,183.5,33710.6
2026-06-07 11:35:00,183.583,33879.1
2026-06-07 11:40:00,183.667,33947.8
2026-06-07 11:45:00,183.75,34119.1
2026-06-07 11:50:00,183.833,34197.2
2026-06-07 11:55:00,183.917,34304.0
2026-06-07 12:00:00,184.0,34328.850000000006
